ts_code,symbol,exchange,name,fut_code,multiplier,trade_unit,per_unit,quote_unit,quote_unit_desc,d_mode_desc,list_date,delist_date,d_month,last_ddate
T1906.CFX,T1906,CFFEX,T1906,T,10000,张,1,人民币元,0.005人民币元,实物交割,20180917,20190614,201906,20190619
TF1906.CFX,TF1906,CFFEX,TF1906,TF,10000,张,1,人民币元,0.005人民币元,实物交割,20180917,20190614,201906,20190619
IF1507.CFX,IF1507,CFFEX,IF1507,IF,300,张,1,指数点,0.2指数点,现金交割,20150518,20150717,201507,20150717
T1703.CFX,T1703,CFFEX,T1703,T,10000,张,1,人民币元,0.005人民币元,实物交割,20160614,20170310,201703,20170315
IM2505.CFX,IM2505,CFFEX,IM2505,IM,200,张,1,指数点,0.2指数点,现金交割,20250324,20250516,202505,20250516
IF1809.CFX,IF1809,CFFEX,IF1809,IF,300,张,1,指数点,0.2指数点,现金交割,20180122,20180921,201809,20180921
IC1809.CFX,IC1809,CFFEX,IC1809,IC,200,张,1,指数点,0.2指数点,现金交割,20180122,20180921,201809,20180921
IH1809.CFX,IH1809,CFFEX,IH1809,IH,300,张,1,指数点,0.2指数点,现金交割,20180122,20180921,201809,20180921
T2112.CFX,T2112,CFFEX,T2112,T,10000,张,1,人民币元,0.005人民币元,实物交割,20210315,20211210,202112,20211215
TF2112.CFX,TF2112,CFFEX,TF2112,TF,10000,张,1,人民币元,0.005人民币元,实物交割,20210315,20211210,202112,20211215
TS2112.CFX,TS2112,CFFEX,TS2112,TS,20000,张,1,人民币元,0.002人民币元,实物交割,20210315,20211210,202112,20211215
IC2505.CFX,IC2505,CFFEX,IC2505,IC,200,张,1,指数点,0.2指数点,现金交割,20250324,20250516,202505,20250516
IF2601.CFX,IF2601,CFFEX,IF2601,IF,300,张,1,指数点,0.2指数点,现金交割,20251124,20260116,202601,20260116
IF2402.CFX,IF2402,CFFEX,IF2402,IF,300,张,1,指数点,0.2指数点,现金交割,20231218,20240219,202402,20240219
IH1703.CFX,IH1703,CFFEX,IH1703,IH,300,张,1,指数点,0.2指数点,现金交割,20160718,20170317,201703,20170317
IM2306.CFX,IM2306,CFFEX,IM2306,IM,200,张,1,指数点,0.2指数点,现金交割,20221024,20230616,202306,20230616
IF2403.CFX,IF2403,CFFEX,IF2403,IF,300,张,1,指数点,0.2指数点,现金交割,20230724,20240315,202403,20240315
IF1506.CFX,IF1506,CFFEX,IF1506,IF,300,张,1,指数点,0.2指数点,现金交割,20141020,20150619,201506,20150619
IF1308.CFX,IF1308,CFFEX,IF1308,IF,300,张,1,指数点,0.2指数点,现金交割,20130624,20130816,201308,20130816
IH2402.CFX,IH2402,CFFEX,IH2402,IH,300,张,1,指数点,0.2指数点,现金交割,20231218,20240219,202402,20240219
IF1901.CFX,IF1901,CFFEX,IF1901,IF,300,张,1,指数点,0.2指数点,现金交割,20181119,20190118,201901,20190118
IC1901.CFX,IC1901,CFFEX,IC1901,IC,200,张,1,指数点,0.2指数点,现金交割,20181119,20190118,201901,20190118
IH1901.CFX,IH1901,CFFEX,IH1901,IH,300,张,1,指数点,0.2指数点,现金交割,20181119,20190118,201901,20190118
IF1407.CFX,IF1407,CFFEX,IF1407,IF,300,张,1,指数点,0.2指数点,现金交割,20140519,20140718,201407,20140718
IC1508.CFX,IC1508,CFFEX,IC1508,IC,200,张,1,指数点,0.2指数点,现金交割,20150623,20150821,201508,20150821
IF1501.CFX,IF1501,CFFEX,IF1501,IF,300,张,1,指数点,0.2指数点,现金交割,20141124,20150116,201501,20150116
TF2412.CFX,TF2412,CFFEX,TF2412,TF,10000,张,1,人民币元,0.005人民币元,实物交割,20240311,20241213,202412,20241218
TF1412.CFX,TF1412,CFFEX,TF1412,TF,10000,张,1,人民币元,0.005人民币元,实物交割,20140317,20141212,201412,20141217
IM2502.CFX,IM2502,CFFEX,IM2502,IM,200,张,1,指数点,0.2指数点,现金交割,20241223,20250221,202502,20250221
IC2306.CFX,IC2306,CFFEX,IC2306,IC,200,张,1,指数点,0.2指数点,现金交割,20221024,20230616,202306,20230616
IF2202.CFX,IF2202,CFFEX,IF2202,IF,300,张,1,指数点,0.2指数点,现金交割,20211220,20220218,202202,20220218
IC1706.CFX,IC1706,CFFEX,IC1706,IC,200,张,1,指数点,0.2指数点,现金交割,20161024,20170616,201706,20170616
IC2307.CFX,IC2307,CFFEX,IC2307,IC,200,张,1,指数点,0.2指数点,现金交割,20230522,20230721,202307,20230721
IF1205.CFX,IF1205,CFFEX,IF1205,IF,300,张,1,指数点,0.2指数点,现金交割,20120319,20120518,201205,20120518
T1612.CFX,T1612,CFFEX,T1612,T,10000,张,1,人民币元,0.005人民币元,实物交割,20160314,20161209,201612,20161214
IM2312.CFX,IM2312,CFFEX,IM2312,IM,200,张,1,指数点,0.2指数点,现金交割,20230424,20231215,202312,20231215
IM2601.CFX,IM2601,CFFEX,IM2601,IM,200,张,1,指数点,0.2指数点,现金交割,20251124,20260116,202601,20260116
IC2401.CFX,IC2401,CFFEX,IC2401,IC,200,张,1,指数点,0.2指数点,现金交割,20231120,20240119,202401,20240119
IC2008.CFX,IC2008,CFFEX,IC2008,IC,200,张,1,指数点,0.2指数点,现金交割,20200622,20200821,202008,20200821
IF2008.CFX,IF2008,CFFEX,IF2008,IF,300,张,1,指数点,0.2指数点,现金交割,20200622,20200821,202008,20200821
IH2008.CFX,IH2008,CFFEX,IH2008,IH,300,张,1,指数点,0.2指数点,现金交割,20200622,20200821,202008,20200821
IC2110.CFX,IC2110,CFFEX,IC2110,IC,200,张,1,指数点,0.2指数点,现金交割,20210823,20211015,202110,20211015
IF2110.CFX,IF2110,CFFEX,IF2110,IF,300,张,1,指数点,0.2指数点,现金交割,20210823,20211015,202110,20211015
IH2110.CFX,IH2110,CFFEX,IH2110,IH,300,张,1,指数点,0.2指数点,现金交割,20210823,20211015,202110,20211015
IF1204.CFX,IF1204,CFFEX,IF1204,IF,300,张,1,指数点,0.2指数点,现金交割,20120220,20120420,201204,20120420
IF1105.CFX,IF1105,CFFEX,IF1105,IF,300,张,1,指数点,0.2指数点,现金交割,20110321,20110520,201105,20110520
T1606.CFX,T1606,CFFEX,T1606,T,10000,张,1,人民币元,0.005人民币元,实物交割,20150914,20160613,201606,20160616
IF2307.CFX,IF2307,CFFEX,IF2307,IF,300,张,1,指数点,0.2指数点,现金交割,20230522,20230721,202307,20230721
IF2609.CFX,IF2609,CFFEX,IF2609,IF,300,张,1,指数点,0.2指数点,现金交割,20260119,20260918,202609,20260918
IC1604.CFX,IC1604,CFFEX,IC1604,IC,200,张,1,指数点,0.2指数点,现金交割,20160222,20160415,201604,20160415
IH1710.CFX,IH1710,CFFEX,IH1710,IH,300,张,1,指数点,0.2指数点,现金交割,20170821,20171020,201710,20171020
IF1112.CFX,IF1112,CFFEX,IF1112,IF,300,张,1,指数点,0.2指数点,现金交割,20110418,20111216,201112,20111216
IF1603.CFX,IF1603,CFFEX,IF1603,IF,300,张,1,指数点,0.2指数点,现金交割,20150720,20160318,201603,20160318
T2012.CFX,T2012,CFFEX,T2012,T,10000,张,1,人民币元,0.005人民币元,实物交割,20200316,20201211,202012,20201216
TF2012.CFX,TF2012,CFFEX,TF2012,TF,10000,张,1,人民币元,0.005人民币元,实物交割,20200316,20201211,202012,20201216
TS2012.CFX,TS2012,CFFEX,TS2012,TS,20000,张,1,人民币元,0.002人民币元,实物交割,20200316,20201211,202012,20201216
T1903.CFX,T1903,CFFEX,T1903,T,10000,张,1,人民币元,0.005人民币元,实物交割,20180611,20190308,201903,20190313
TF1903.CFX,TF1903,CFFEX,TF1903,TF,10000,张,1,人民币元,0.005人民币元,实物交割,20180611,20190308,201903,20190313
TF2312.CFX,TF2312,CFFEX,TF2312,TF,10000,张,1,人民币元,0.005人民币元,实物交割,20230313,20231208,202312,20231213
IH2304.CFX,IH2304,CFFEX,IH2304,IH,300,张,1,指数点,0.2指数点,现金交割,20230220,20230421,202304,20230421
IC2112.CFX,IC2112,CFFEX,IC2112,IC,200,张,1,指数点,0.2指数点,现金交割,20210419,20211217,202112,20211217
IF2112.CFX,IF2112,CFFEX,IF2112,IF,300,张,1,指数点,0.2指数点,现金交割,20210419,20211217,202112,20211217
IH2112.CFX,IH2112,CFFEX,IH2112,IH,300,张,1,指数点,0.2指数点,现金交割,20210419,20211217,202112,20211217
IH1708.CFX,IH1708,CFFEX,IH1708,IH,300,张,1,指数点,0.2指数点,现金交割,20170619,20170818,201708,20170818
IF1708.CFX,IF1708,CFFEX,IF1708,IF,300,张,1,指数点,0.2指数点,现金交割,20170619,20170818,201708,20170818
IC1708.CFX,IC1708,CFFEX,IC1708,IC,200,张,1,指数点,0.2指数点,现金交割,20170619,20170818,201708,20170818
IC2506.CFX,IC2506,CFFEX,IC2506,IC,200,张,1,指数点,0.2指数点,现金交割,20241021,20250620,202506,20250620
IH1610.CFX,IH1610,CFFEX,IH1610,IH,300,张,1,指数点,0.2指数点,现金交割,20160822,20161021,201610,20161021
IF1703.CFX,IF1703,CFFEX,IF1703,IF,300,张,1,指数点,0.2指数点,现金交割,20160718,20170317,201703,20170317
IC2010.CFX,IC2010,CFFEX,IC2010,IC,200,张,1,指数点,0.2指数点,现金交割,20200824,20201016,202010,20201016
IF2010.CFX,IF2010,CFFEX,IF2010,IF,300,张,1,指数点,0.2指数点,现金交割,20200824,20201016,202010,20201016
IH2010.CFX,IH2010,CFFEX,IH2010,IH,300,张,1,指数点,0.2指数点,现金交割,20200824,20201016,202010,20201016
IC2408.CFX,IC2408,CFFEX,IC2408,IC,200,张,1,指数点,0.2指数点,现金交割,20240624,20240816,202408,20240816
TF1703.CFX,TF1703,CFFEX,TF1703,TF,10000,张,1,人民币元,0.005人民币元,实物交割,20160614,20170310,201703,20170315
IM2409.CFX,IM2409,CFFEX,IM2409,IM,200,张,1,指数点,0.2指数点,现金交割,20240122,20240920,202409,20240920
IF1106.CFX,IF1106,CFFEX,IF1106,IF,300,张,1,指数点,0.2指数点,现金交割,20101018,20110617,201106,20110617
IH2503.CFX,IH2503,CFFEX,IH2503,IH,300,张,1,指数点,0.2指数点,现金交割,20240722,20250321,202503,20250321
IC1506.CFX,IC1506,CFFEX,IC1506,IC,200,张,1,指数点,0.2指数点,现金交割,20150416,20150619,201506,20150619
TL2512.CFX,TL2512,CFFEX,TL2512,TL,10000,张,1,人民币元,0.01人民币元,实物交割,20250317,20251212,202512,20251217
IF1011.CFX,IF1011,CFFEX,IF1011,IF,300,张,1,指数点,0.2指数点,现金交割,20100920,20101119,201011,20101119
IC2604.CFX,IC2604,CFFEX,IC2604,IC,200,张,1,指数点,0.2指数点,现金交割,20260225,20260417,202604,20260417
IF2605.CFX,IF2605,CFFEX,IF2605,IF,300,张,1,指数点,0.2指数点,现金交割,20260323,20260515,202605,20260515
T2512.CFX,T2512,CFFEX,T2512,T,10000,张,1,人民币元,0.005人民币元,实物交割,20250317,20251212,202512,20251217
TS2603.CFX,TS2603,CFFEX,TS2603,TS,20000,张,1,人民币元,0.002人民币元,实物交割,20250616,20260313,202603,20260318
IF1212.CFX,IF1212,CFFEX,IF1212,IF,300,张,1,指数点,0.2指数点,现金交割,20120423,20121221,201212,20121221
IF1405.CFX,IF1405,CFFEX,IF1405,IF,300,张,1,指数点,0.2指数点,现金交割,20140324,20140516,201405,20140516
IC2108.CFX,IC2108,CFFEX,IC2108,IC,200,张,1,指数点,0.2指数点,现金交割,20210621,20210820,202108,20210820
IF2108.CFX,IF2108,CFFEX,IF2108,IF,300,张,1,指数点,0.2指数点,现金交割,20210621,20210820,202108,20210820
IH2108.CFX,IH2108,CFFEX,IH2108,IH,300,张,1,指数点,0.2指数点,现金交割,20210621,20210820,202108,20210820
TF2509.CFX,TF2509,CFFEX,TF2509,TF,10000,张,1,人民币元,0.005人民币元,实物交割,20241216,20250912,202509,20250917
IF1408.CFX,IF1408,CFFEX,IF1408,IF,300,张,1,指数点,0.2指数点,现金交割,20140623,20140815,201408,20140815
IM2210.CFX,IM2210,CFFEX,IM2210,IM,200,张,1,指数点,0.2指数点,现金交割,20220822,20221021,202210,20221021
IC2106.CFX,IC2106,CFFEX,IC2106,IC,200,张,1,指数点,0.2指数点,现金交割,20201019,20210618,202106,20210618
IH2106.CFX,IH2106,CFFEX,IH2106,IH,300,张,1,指数点,0.2指数点,现金交割,20201019,20210618,202106,20210618
IF2106.CFX,IF2106,CFFEX,IF2106,IF,300,张,1,指数点,0.2指数点,现金交割,20201019,20210618,202106,20210618
TF1506.CFX,TF1506,CFFEX,TF1506,TF,10000,张,1,人民币元,0.005人民币元,实物交割,20140915,20150612,201506,20150617
IF1412.CFX,IF1412,CFFEX,IF1412,IF,300,张,1,指数点,0.2指数点,现金交割,20140421,20141219,201412,20141219
IF1505.CFX,IF1505,CFFEX,IF1505,IF,300,张,1,指数点,0.2指数点,现金交割,20150323,20150515,201505,20150515
IH2202.CFX,IH2202,CFFEX,IH2202,IH,300,张,1,指数点,0.2指数点,现金交割,20211220,20220218,202202,20220218
IH2210.CFX,IH2210,CFFEX,IH2210,IH,300,张,1,指数点,0.2指数点,现金交割,20220822,20221021,202210,20221021
TF2006.CFX,TF2006,CFFEX,TF2006,TF,10000,张,1,人民币元,0.005人民币元,实物交割,20190917,20200612,202006,20200617
TS2006.CFX,TS2006,CFFEX,TS2006,TS,20000,张,1,人民币元,0.002人民币元,实物交割,20190917,20200612,202006,20200617
T2006.CFX,T2006,CFFEX,T2006,T,10000,张,1,人民币元,0.005人民币元,实物交割,20190917,20200612,202006,20200617
IC2606.CFX,IC2606,CFFEX,IC2606,IC,200,张,1,指数点,0.2指数点,现金交割,20251020,20260622,202606,20260622
IF2606.CFX,IF2606,CFFEX,IF2606,IF,300,张,1,指数点,0.2指数点,现金交割,20251020,20260622,202606,20260622
IH2606.CFX,IH2606,CFFEX,IH2606,IH,300,张,1,指数点,0.2指数点,现金交割,20251020,20260622,202606,20260622
IM2606.CFX,IM2606,CFFEX,IM2606,IM,200,张,1,指数点,0.2指数点,现金交割,20251020,20260622,202606,20260622
IC2503.CFX,IC2503,CFFEX,IC2503,IC,200,张,1,指数点,0.2指数点,现金交割,20240722,20250321,202503,20250321
IH2410.CFX,IH2410,CFFEX,IH2410,IH,300,张,1,指数点,0.2指数点,现金交割,20240819,20241018,202410,20241018
IM2503.CFX,IM2503,CFFEX,IM2503,IM,200,张,1,指数点,0.2指数点,现金交割,20240722,20250321,202503,20250321
IM2407.CFX,IM2407,CFFEX,IM2407,IM,200,张,1,指数点,0.2指数点,现金交割,20240520,20240719,202407,20240719
IF2407.CFX,IF2407,CFFEX,IF2407,IF,300,张,1,指数点,0.2指数点,现金交割,20240520,20240719,202407,20240719
IC2509.CFX,IC2509,CFFEX,IC2509,IC,200,张,1,指数点,0.2指数点,现金交割,20250120,20250919,202509,20250919
TF2609.CFX,TF2609,CFFEX,TF2609,TF,10000,张,1,人民币元,0.005人民币元,实物交割,20251215,20260911,202609,20260916
T1803.CFX,T1803,CFFEX,T1803,T,10000,张,1,人民币元,0.005人民币元,实物交割,20170612,20180309,201803,20180314
TF1803.CFX,TF1803,CFFEX,TF1803,TF,10000,张,1,人民币元,0.005人民币元,实物交割,20170612,20180309,201803,20180314
IH2604.CFX,IH2604,CFFEX,IH2604,IH,300,张,1,指数点,0.2指数点,现金交割,20260225,20260417,202604,20260417
IM2403.CFX,IM2403,CFFEX,IM2403,IM,200,张,1,指数点,0.2指数点,现金交割,20230724,20240315,202403,20240315
IC2003.CFX,IC2003,CFFEX,IC2003,IC,200,张,1,指数点,0.2指数点,现金交割,20190722,20200320,202003,20200320
IH2003.CFX,IH2003,CFFEX,IH2003,IH,300,张,1,指数点,0.2指数点,现金交割,20190722,20200320,202003,20200320
IF2003.CFX,IF2003,CFFEX,IF2003,IF,300,张,1,指数点,0.2指数点,现金交割,20190722,20200320,202003,20200320
IC2508.CFX,IC2508,CFFEX,IC2508,IC,200,张,1,指数点,0.2指数点,现金交割,20250623,20250815,202508,20250815
IC1701.CFX,IC1701,CFFEX,IC1701,IC,200,张,1,指数点,0.2指数点,现金交割,20161121,20170120,201701,20170120
IM2512.CFX,IM2512,CFFEX,IM2512,IM,200,张,1,指数点,0.2指数点,现金交割,20250421,20251219,202512,20251219
IM2507.CFX,IM2507,CFFEX,IM2507,IM,200,张,1,指数点,0.2指数点,现金交割,20250519,20250718,202507,20250718
IM2304.CFX,IM2304,CFFEX,IM2304,IM,200,张,1,指数点,0.2指数点,现金交割,20230220,20230421,202304,20230421
IF2102.CFX,IF2102,CFFEX,IF2102,IF,300,张,1,指数点,0.2指数点,现金交割,20201221,20210219,202102,20210219
IC2102.CFX,IC2102,CFFEX,IC2102,IC,200,张,1,指数点,0.2指数点,现金交割,20201221,20210219,202102,20210219
IH2102.CFX,IH2102,CFFEX,IH2102,IH,300,张,1,指数点,0.2指数点,现金交割,20201221,20210219,202102,20210219
IC1711.CFX,IC1711,CFFEX,IC1711,IC,200,张,1,指数点,0.2指数点,现金交割,20170918,20171117,201711,20171117
IF1711.CFX,IF1711,CFFEX,IF1711,IF,300,张,1,指数点,0.2指数点,现金交割,20170918,20171117,201711,20171117
IH1711.CFX,IH1711,CFFEX,IH1711,IH,300,张,1,指数点,0.2指数点,现金交割,20170918,20171117,201711,20171117
IF1103.CFX,IF1103,CFFEX,IF1103,IF,300,张,1,指数点,0.2指数点,现金交割,20100719,20110318,201103,20110318
IF1007.CFX,IF1007,CFFEX,IF1007,IF,300,张,1,指数点,0.2指数点,现金交割,20100524,20100716,201007,20100716
IF2310.CFX,IF2310,CFFEX,IF2310,IF,300,张,1,指数点,0.2指数点,现金交割,20230821,20231020,202310,20231020
IC2209.CFX,IC2209,CFFEX,IC2209,IC,200,张,1,指数点,0.2指数点,现金交割,20220124,20220916,202209,20220916
IF2209.CFX,IF2209,CFFEX,IF2209,IF,300,张,1,指数点,0.2指数点,现金交割,20220124,20220916,202209,20220916
IH2209.CFX,IH2209,CFFEX,IH2209,IH,300,张,1,指数点,0.2指数点,现金交割,20220124,20220916,202209,20220916
IF2306.CFX,IF2306,CFFEX,IF2306,IF,300,张,1,指数点,0.2指数点,现金交割,20221024,20230616,202306,20230616
IF2602.CFX,IF2602,CFFEX,IF2602,IF,300,张,1,指数点,0.2指数点,现金交割,20251222,20260224,202602,20260224
IC1904.CFX,IC1904,CFFEX,IC1904,IC,200,张,1,指数点,0.2指数点,现金交割,20190218,20190419,201904,20190419
IF1904.CFX,IF1904,CFFEX,IF1904,IF,300,张,1,指数点,0.2指数点,现金交割,20190218,20190419,201904,20190419
IH1904.CFX,IH1904,CFFEX,IH1904,IH,300,张,1,指数点,0.2指数点,现金交割,20190218,20190419,201904,20190419
IF2206.CFX,IF2206,CFFEX,IF2206,IF,300,张,1,指数点,0.2指数点,现金交割,20211018,20220617,202206,20220617
IC2206.CFX,IC2206,CFFEX,IC2206,IC,200,张,1,指数点,0.2指数点,现金交割,20211018,20220617,202206,20220617
IH2206.CFX,IH2206,CFFEX,IH2206,IH,300,张,1,指数点,0.2指数点,现金交割,20211018,20220617,202206,20220617
TF2409.CFX,TF2409,CFFEX,TF2409,TF,10000,张,1,人民币元,0.005人民币元,实物交割,20231211,20240913,202409,20240920
IC1804.CFX,IC1804,CFFEX,IC1804,IC,200,张,1,指数点,0.2指数点,现金交割,20180223,20180420,201804,20180420
IF1804.CFX,IF1804,CFFEX,IF1804,IF,300,张,1,指数点,0.2指数点,现金交割,20180223,20180420,201804,20180420
IH1804.CFX,IH1804,CFFEX,IH1804,IH,300,张,1,指数点,0.2指数点,现金交割,20180223,20180420,201804,20180420
IM2310.CFX,IM2310,CFFEX,IM2310,IM,200,张,1,指数点,0.2指数点,现金交割,20230821,20231020,202310,20231020
IC1710.CFX,IC1710,CFFEX,IC1710,IC,200,张,1,指数点,0.2指数点,现金交割,20170821,20171020,201710,20171020
IC2310.CFX,IC2310,CFFEX,IC2310,IC,200,张,1,指数点,0.2指数点,现金交割,20230821,20231020,202310,20231020
TS2409.CFX,TS2409,CFFEX,TS2409,TS,20000,张,1,人民币元,0.002人民币元,实物交割,20231211,20240913,202409,20240920
IC2501.CFX,IC2501,CFFEX,IC2501,IC,200,张,1,指数点,0.2指数点,现金交割,20241118,20250117,202501,20250117
IH2408.CFX,IH2408,CFFEX,IH2408,IH,300,张,1,指数点,0.2指数点,现金交割,20240624,20240816,202408,20240816
IM2412.CFX,IM2412,CFFEX,IM2412,IM,200,张,1,指数点,0.2指数点,现金交割,20240422,20241220,202412,20241220
IF2510.CFX,IF2510,CFFEX,IF2510,IF,300,张,1,指数点,0.2指数点,现金交割,20250818,20251017,202510,20251017
T2003.CFX,T2003,CFFEX,T2003,T,10000,张,1,人民币元,0.005人民币元,实物交割,20190617,20200313,202003,20200318
TF2003.CFX,TF2003,CFFEX,TF2003,TF,10000,张,1,人民币元,0.005人民币元,实物交割,20190617,20200313,202003,20200318
TS2003.CFX,TS2003,CFFEX,TS2003,TS,20000,张,1,人民币元,0.002人民币元,实物交割,20190617,20200313,202003,20200318
IC2308.CFX,IC2308,CFFEX,IC2308,IC,200,张,1,指数点,0.2指数点,现金交割,20230619,20230818,202308,20230818
IF1612.CFX,IF1612,CFFEX,IF1612,IF,300,张,1,指数点,0.2指数点,现金交割,20160418,20161216,201612,20161216
TF2603.CFX,TF2603,CFFEX,TF2603,TF,10000,张,1,人民币元,0.005人民币元,实物交割,20250616,20260313,202603,20260318
IC1611.CFX,IC1611,CFFEX,IC1611,IC,200,张,1,指数点,0.2指数点,现金交割,20160920,20161118,201611,20161118
T1509.CFX,T1509,CFFEX,T1509,T,10000,张,1,人民币元,0.005人民币元,实物交割,20150320,20150911,201509,20150916
IC2311.CFX,IC2311,CFFEX,IC2311,IC,200,张,1,指数点,0.2指数点,现金交割,20230918,20231117,202311,20231117
IF1810.CFX,IF1810,CFFEX,IF1810,IF,300,张,1,指数点,0.2指数点,现金交割,20180820,20181019,201810,20181019
IH1509.CFX,IH1509,CFFEX,IH1509,IH,300,张,1,指数点,0.2指数点,现金交割,20150416,20150918,201509,20150918
IH2308.CFX,IH2308,CFFEX,IH2308,IH,300,张,1,指数点,0.2指数点,现金交割,20230619,20230818,202308,20230818
IC2504.CFX,IC2504,CFFEX,IC2504,IC,200,张,1,指数点,0.2指数点,现金交割,20250224,20250418,202504,20250418
IH2305.CFX,IH2305,CFFEX,IH2305,IH,300,张,1,指数点,0.2指数点,现金交割,20230320,20230519,202305,20230519
IF2503.CFX,IF2503,CFFEX,IF2503,IF,300,张,1,指数点,0.2指数点,现金交割,20240722,20250321,202503,20250321
TF2512.CFX,TF2512,CFFEX,TF2512,TF,10000,张,1,人民币元,0.005人民币元,实物交割,20250317,20251212,202512,20251217
TF2303.CFX,TF2303,CFFEX,TF2303,TF,10000,张,1,人民币元,0.005人民币元,实物交割,20220613,20230310,202303,20230315
IF1511.CFX,IF1511,CFFEX,IF1511,IF,300,张,1,指数点,0.2指数点,现金交割,20150921,20151120,201511,20151120
IF1110.CFX,IF1110,CFFEX,IF1110,IF,300,张,1,指数点,0.2指数点,现金交割,20110822,20111021,201110,20111021
IM2603.CFX,IM2603,CFFEX,IM2603,IM,200,张,1,指数点,0.2指数点,现金交割,20250721,20260320,202603,20260320
IH2602.CFX,IH2602,CFFEX,IH2602,IH,300,张,1,指数点,0.2指数点,现金交割,20251222,20260224,202602,20260224
IF1912.CFX,IF1912,CFFEX,IF1912,IF,300,张,1,指数点,0.2指数点,现金交割,20190422,20191220,201912,20191220
IC1912.CFX,IC1912,CFFEX,IC1912,IC,200,张,1,指数点,0.2指数点,现金交割,20190422,20191220,201912,20191220
IH1912.CFX,IH1912,CFFEX,IH1912,IH,300,张,1,指数点,0.2指数点,现金交割,20190422,20191220,201912,20191220
TF1909.CFX,TF1909,CFFEX,TF1909,TF,10000,张,1,人民币元,0.005人民币元,实物交割,20181217,20190916,201909,20190919
T1909.CFX,T1909,CFFEX,T1909,T,10000,张,1,人民币元,0.005人民币元,实物交割,20181217,20190916,201909,20190919
TS1909.CFX,TS1909,CFFEX,TS1909,TS,20000,张,1,人民币元,0.002人民币元,实物交割,20181217,20190916,201909,20190919
IM2401.CFX,IM2401,CFFEX,IM2401,IM,200,张,1,指数点,0.2指数点,现金交割,20231120,20240119,202401,20240119
IF2509.CFX,IF2509,CFFEX,IF2509,IF,300,张,1,指数点,0.2指数点,现金交割,20250120,20250919,202509,20250919
IC1802.CFX,IC1802,CFFEX,IC1802,IC,200,张,1,指数点,0.2指数点,现金交割,20171218,20180222,201802,20180222
IF1802.CFX,IF1802,CFFEX,IF1802,IF,300,张,1,指数点,0.2指数点,现金交割,20171218,20180222,201802,20180222
IH1802.CFX,IH1802,CFFEX,IH1802,IH,300,张,1,指数点,0.2指数点,现金交割,20171218,20180222,201802,20180222
TS2509.CFX,TS2509,CFFEX,TS2509,TS,20000,张,1,人民币元,0.002人民币元,实物交割,20241216,20250912,202509,20250917
IC1512.CFX,IC1512,CFFEX,IC1512,IC,200,张,1,指数点,0.2指数点,现金交割,20150416,20151218,201512,20151218
T2409.CFX,T2409,CFFEX,T2409,T,10000,张,1,人民币元,0.005人民币元,实物交割,20231211,20240913,202409,20240920
IC2301.CFX,IC2301,CFFEX,IC2301,IC,200,张,1,指数点,0.2指数点,现金交割,20221121,20230120,202301,20230120
IC2304.CFX,IC2304,CFFEX,IC2304,IC,200,张,1,指数点,0.2指数点,现金交割,20230220,20230421,202304,20230421
IF2205.CFX,IF2205,CFFEX,IF2205,IF,300,张,1,指数点,0.2指数点,现金交割,20220321,20220520,202205,20220520
IC1607.CFX,IC1607,CFFEX,IC1607,IC,200,张,1,指数点,0.2指数点,现金交割,20160523,20160715,201607,20160715
IM2510.CFX,IM2510,CFFEX,IM2510,IM,200,张,1,指数点,0.2指数点,现金交割,20250818,20251017,202510,20251017
IC1606.CFX,IC1606,CFFEX,IC1606,IC,200,张,1,指数点,0.2指数点,现金交割,20151019,20160617,201606,20160617
TL2612.CFX,TL2612,CFFEX,TL2612,TL,10000,张,1,人民币元,0.01人民币元,实物交割,20260316,20261211,202612,20261216
IC2303.CFX,IC2303,CFFEX,IC2303,IC,200,张,1,指数点,0.2指数点,现金交割,20220718,20230317,202303,20230317
IC2007.CFX,IC2007,CFFEX,IC2007,IC,200,张,1,指数点,0.2指数点,现金交割,20200518,20200717,202007,20200717
IF2007.CFX,IF2007,CFFEX,IF2007,IF,300,张,1,指数点,0.2指数点,现金交割,20200518,20200717,202007,20200717
IH2007.CFX,IH2007,CFFEX,IH2007,IH,300,张,1,指数点,0.2指数点,现金交割,20200518,20200717,202007,20200717
IH1706.CFX,IH1706,CFFEX,IH1706,IH,300,张,1,指数点,0.2指数点,现金交割,20161024,20170616,201706,20170616
IH1511.CFX,IH1511,CFFEX,IH1511,IH,300,张,1,指数点,0.2指数点,现金交割,20150921,20151120,201511,20151120
IF1509.CFX,IF1509,CFFEX,IF1509,IF,300,张,1,指数点,0.2指数点,现金交割,20150119,20150918,201509,20150918
IF1604.CFX,IF1604,CFFEX,IF1604,IF,300,张,1,指数点,0.2指数点,现金交割,20160222,20160415,201604,20160415
T1603.CFX,T1603,CFFEX,T1603,T,10000,张,1,人民币元,0.005人民币元,实物交割,20150320,20160311,201603,20160316
IF1009.CFX,IF1009,CFFEX,IF1009,IF,300,张,1,指数点,0.2指数点,现金交割,20100416,20100917,201009,20100917
T2109.CFX,T2109,CFFEX,T2109,T,10000,张,1,人民币元,0.005人民币元,实物交割,20201214,20210910,202109,20210915
TF2109.CFX,TF2109,CFFEX,TF2109,TF,10000,张,1,人民币元,0.005人民币元,实物交割,20201214,20210910,202109,20210915
TS2109.CFX,TS2109,CFFEX,TS2109,TS,20000,张,1,人民币元,0.002人民币元,实物交割,20201214,20210910,202109,20210915
TS2412.CFX,TS2412,CFFEX,TS2412,TS,20000,张,1,人民币元,0.002人民币元,实物交割,20240311,20241213,202412,20241218
IH1608.CFX,IH1608,CFFEX,IH1608,IH,300,张,1,指数点,0.2指数点,现金交割,20160620,20160819,201608,20160819
TL2603.CFX,TL2603,CFFEX,TL2603,TL,10000,张,1,人民币元,0.01人民币元,实物交割,20250616,20260313,202603,20260318
IF1202.CFX,IF1202,CFFEX,IF1202,IF,300,张,1,指数点,0.2指数点,现金交割,20111219,20120217,201202,20120217
IF1207.CFX,IF1207,CFFEX,IF1207,IF,300,张,1,指数点,0.2指数点,现金交割,20120521,20120720,201207,20120720
IF1606.CFX,IF1606,CFFEX,IF1606,IF,300,张,1,指数点,0.2指数点,现金交割,20151019,20160617,201606,20160617
T1512.CFX,T1512,CFFEX,T1512,T,10000,张,1,人民币元,0.005人民币元,实物交割,20150320,20151211,201512,20151216
IF2302.CFX,IF2302,CFFEX,IF2302,IF,300,张,1,指数点,0.2指数点,现金交割,20221219,20230217,202302,20230217
IF1303.CFX,IF1303,CFFEX,IF1303,IF,300,张,1,指数点,0.2指数点,现金交割,20120723,20130315,201303,20130315
IC2103.CFX,IC2103,CFFEX,IC2103,IC,200,张,1,指数点,0.2指数点,现金交割,20200720,20210319,202103,20210319
IF2103.CFX,IF2103,CFFEX,IF2103,IF,300,张,1,指数点,0.2指数点,现金交割,20200720,20210319,202103,20210319
IH2103.CFX,IH2103,CFFEX,IH2103,IH,300,张,1,指数点,0.2指数点,现金交割,20200720,20210319,202103,20210319
IF1605.CFX,IF1605,CFFEX,IF1605,IF,300,张,1,指数点,0.2指数点,现金交割,20160321,20160520,201605,20160520
IC2104.CFX,IC2104,CFFEX,IC2104,IC,200,张,1,指数点,0.2指数点,现金交割,20210222,20210416,202104,20210416
IF2104.CFX,IF2104,CFFEX,IF2104,IF,300,张,1,指数点,0.2指数点,现金交割,20210222,20210416,202104,20210416
IH2104.CFX,IH2104,CFFEX,IH2104,IH,300,张,1,指数点,0.2指数点,现金交割,20210222,20210416,202104,20210416
IH1606.CFX,IH1606,CFFEX,IH1606,IH,300,张,1,指数点,0.2指数点,现金交割,20151019,20160617,201606,20160617
IM2411.CFX,IM2411,CFFEX,IM2411,IM,200,张,1,指数点,0.2指数点,现金交割,20240923,20241115,202411,20241115
IC2312.CFX,IC2312,CFFEX,IC2312,IC,200,张,1,指数点,0.2指数点,现金交割,20230424,20231215,202312,20231215
IM2311.CFX,IM2311,CFFEX,IM2311,IM,200,张,1,指数点,0.2指数点,现金交割,20230918,20231117,202311,20231117
IF1206.CFX,IF1206,CFFEX,IF1206,IF,300,张,1,指数点,0.2指数点,现金交割,20111024,20120615,201206,20120615
IF1203.CFX,IF1203,CFFEX,IF1203,IF,300,张,1,指数点,0.2指数点,现金交割,20110718,20120316,201203,20120316
IH1602.CFX,IH1602,CFFEX,IH1602,IH,300,张,1,指数点,0.2指数点,现金交割,20151221,20160219,201602,20160219
IH2205.CFX,IH2205,CFFEX,IH2205,IH,300,张,1,指数点,0.2指数点,现金交割,20220321,20220520,202205,20220520
IC2101.CFX,IC2101,CFFEX,IC2101,IC,200,张,1,指数点,0.2指数点,现金交割,20201123,20210115,202101,20210115
IH2101.CFX,IH2101,CFFEX,IH2101,IH,300,张,1,指数点,0.2指数点,现金交割,20201123,20210115,202101,20210115
IF2101.CFX,IF2101,CFFEX,IF2101,IF,300,张,1,指数点,0.2指数点,现金交割,20201123,20210115,202101,20210115
TS2503.CFX,TS2503,CFFEX,TS2503,TS,20000,张,1,人民币元,0.002人民币元,实物交割,20240617,20250314,202503,20250319
IC1510.CFX,IC1510,CFFEX,IC1510,IC,200,张,1,指数点,0.2指数点,现金交割,20150824,20151016,201510,20151016
IC2204.CFX,IC2204,CFFEX,IC2204,IC,200,张,1,指数点,0.2指数点,现金交割,20220221,20220415,202204,20220415
IF1305.CFX,IF1305,CFFEX,IF1305,IF,300,张,1,指数点,0.2指数点,现金交割,20130318,20130517,201305,20130517
TF1512.CFX,TF1512,CFFEX,TF1512,TF,10000,张,1,人民币元,0.005人民币元,实物交割,20150316,20151211,201512,20151216
IM2609.CFX,IM2609,CFFEX,IM2609,IM,200,张,1,指数点,0.2指数点,现金交割,20260119,20260918,202609,20260918
IC2502.CFX,IC2502,CFFEX,IC2502,IC,200,张,1,指数点,0.2指数点,现金交割,20241223,20250221,202502,20250221
IF1201.CFX,IF1201,CFFEX,IF1201,IF,300,张,1,指数点,0.2指数点,现金交割,20111121,20120120,201201,20120120
T2403.CFX,T2403,CFFEX,T2403,T,10000,张,1,人民币元,0.005人民币元,实物交割,20230612,20240308,202403,20240313
TF2403.CFX,TF2403,CFFEX,TF2403,TF,10000,张,1,人民币元,0.005人民币元,实物交割,20230612,20240308,202403,20240313
TS2403.CFX,TS2403,CFFEX,TS2403,TS,20000,张,1,人民币元,0.002人民币元,实物交割,20230612,20240308,202403,20240313
TL2403.CFX,TL2403,CFFEX,TL2403,TL,10000,张,1,人民币元,0.01人民币元,实物交割,20230612,20240308,202403,20240313
T2309.CFX,T2309,CFFEX,T2309,T,10000,张,1,人民币元,0.005人民币元,实物交割,20221212,20230908,202309,20230913
TS2309.CFX,TS2309,CFFEX,TS2309,TS,20000,张,1,人民币元,0.002人民币元,实物交割,20221212,20230908,202309,20230913
TF2309.CFX,TF2309,CFFEX,TF2309,TF,10000,张,1,人民币元,0.005人民币元,实物交割,20221212,20230908,202309,20230913
IM2410.CFX,IM2410,CFFEX,IM2410,IM,200,张,1,指数点,0.2指数点,现金交割,20240819,20241018,202410,20241018
IC2404.CFX,IC2404,CFFEX,IC2404,IC,200,张,1,指数点,0.2指数点,现金交割,20240220,20240419,202404,20240419
T2106.CFX,T2106,CFFEX,T2106,T,10000,张,1,人民币元,0.005人民币元,实物交割,20200914,20210611,202106,20210617
TF2106.CFX,TF2106,CFFEX,TF2106,TF,10000,张,1,人民币元,0.005人民币元,实物交割,20200914,20210611,202106,20210617
TS2106.CFX,TS2106,CFFEX,TS2106,TS,20000,张,1,人民币元,0.002人民币元,实物交割,20200914,20210611,202106,20210617
IH2509.CFX,IH2509,CFFEX,IH2509,IH,300,张,1,指数点,0.2指数点,现金交割,20250120,20250919,202509,20250919
IC2410.CFX,IC2410,CFFEX,IC2410,IC,200,张,1,指数点,0.2指数点,现金交割,20240819,20241018,202410,20241018
IF2603.CFX,IF2603,CFFEX,IF2603,IF,300,张,1,指数点,0.2指数点,现金交割,20250721,20260320,202603,20260320
IF2401.CFX,IF2401,CFFEX,IF2401,IF,300,张,1,指数点,0.2指数点,现金交割,20231120,20240119,202401,20240119
IF2309.CFX,IF2309,CFFEX,IF2309,IF,300,张,1,指数点,0.2指数点,现金交割,20230130,20230915,202309,20230915
IC2309.CFX,IC2309,CFFEX,IC2309,IC,200,张,1,指数点,0.2指数点,现金交割,20230130,20230915,202309,20230915
IM2309.CFX,IM2309,CFFEX,IM2309,IM,200,张,1,指数点,0.2指数点,现金交割,20230130,20230915,202309,20230915
IH2309.CFX,IH2309,CFFEX,IH2309,IH,300,张,1,指数点,0.2指数点,现金交割,20230130,20230915,202309,20230915
IC1803.CFX,IC1803,CFFEX,IC1803,IC,200,张,1,指数点,0.2指数点,现金交割,20170724,20180316,201803,20180316
IF1803.CFX,IF1803,CFFEX,IF1803,IF,300,张,1,指数点,0.2指数点,现金交割,20170724,20180316,201803,20180316
IH1803.CFX,IH1803,CFFEX,IH1803,IH,300,张,1,指数点,0.2指数点,现金交割,20170724,20180316,201803,20180316
IC1702.CFX,IC1702,CFFEX,IC1702,IC,200,张,1,指数点,0.2指数点,现金交割,20161219,20170217,201702,20170217
IC2009.CFX,IC2009,CFFEX,IC2009,IC,200,张,1,指数点,0.2指数点,现金交割,20200120,20200918,202009,20200918
IF2009.CFX,IF2009,CFFEX,IF2009,IF,300,张,1,指数点,0.2指数点,现金交割,20200120,20200918,202009,20200918
IH2009.CFX,IH2009,CFFEX,IH2009,IH,300,张,1,指数点,0.2指数点,现金交割,20200120,20200918,202009,20200918
IF1211.CFX,IF1211,CFFEX,IF1211,IF,300,张,1,指数点,0.2指数点,现金交割,20120924,20121116,201211,20121116
IH1702.CFX,IH1702,CFFEX,IH1702,IH,300,张,1,指数点,0.2指数点,现金交割,20161219,20170217,201702,20170217
IF1404.CFX,IF1404,CFFEX,IF1404,IF,300,张,1,指数点,0.2指数点,现金交割,20140224,20140418,201404,20140418
IC1810.CFX,IC1810,CFFEX,IC1810,IC,200,张,1,指数点,0.2指数点,现金交割,20180820,20181019,201810,20181019
IM2405.CFX,IM2405,CFFEX,IM2405,IM,200,张,1,指数点,0.2指数点,现金交割,20240318,20240517,202405,20240517
IF2304.CFX,IF2304,CFFEX,IF2304,IF,300,张,1,指数点,0.2指数点,现金交割,20230220,20230421,202304,20230421
IF2301.CFX,IF2301,CFFEX,IF2301,IF,300,张,1,指数点,0.2指数点,现金交割,20221121,20230120,202301,20230120
IC2302.CFX,IC2302,CFFEX,IC2302,IC,200,张,1,指数点,0.2指数点,现金交割,20221219,20230217,202302,20230217
TS1812.CFX,TS1812,CFFEX,TS1812,TS,20000,张,1,人民币元,0.002人民币元,实物交割,20180817,20181214,201812,20181219
TS1903.CFX,TS1903,CFFEX,TS1903,TS,20000,张,1,人民币元,0.002人民币元,实物交割,20180817,20190308,201903,20190313
TS1906.CFX,TS1906,CFFEX,TS1906,TS,20000,张,1,人民币元,0.002人民币元,实物交割,20180817,20190614,201906,20190619
IF2311.CFX,IF2311,CFFEX,IF2311,IF,300,张,1,指数点,0.2指数点,现金交割,20230918,20231117,202311,20231117
IF2412.CFX,IF2412,CFFEX,IF2412,IF,300,张,1,指数点,0.2指数点,现金交割,20240422,20241220,202412,20241220
IF2411.CFX,IF2411,CFFEX,IF2411,IF,300,张,1,指数点,0.2指数点,现金交割,20240923,20241115,202411,20241115
IH2307.CFX,IH2307,CFFEX,IH2307,IH,300,张,1,指数点,0.2指数点,现金交割,20230522,20230721,202307,20230721
IH1704.CFX,IH1704,CFFEX,IH1704,IH,300,张,1,指数点,0.2指数点,现金交割,20170220,20170421,201704,20170421
IF1704.CFX,IF1704,CFFEX,IF1704,IF,300,张,1,指数点,0.2指数点,现金交割,20170220,20170421,201704,20170421
IC1704.CFX,IC1704,CFFEX,IC1704,IC,200,张,1,指数点,0.2指数点,现金交割,20170220,20170421,201704,20170421
TL2409.CFX,TL2409,CFFEX,TL2409,TL,10000,张,1,人民币元,0.01人民币元,实物交割,20231211,20240913,202409,20240920
IF1602.CFX,IF1602,CFFEX,IF1602,IF,300,张,1,指数点,0.2指数点,现金交割,20151221,20160219,201602,20160219
TS2609.CFX,TS2609,CFFEX,TS2609,TS,20000,张,1,人民币元,0.002人民币元,实物交割,20251215,20260911,202609,20260916
IF1502.CFX,IF1502,CFFEX,IF1502,IF,300,张,1,指数点,0.2指数点,现金交割,20141222,20150225,201502,20150225
T2606.CFX,T2606,CFFEX,T2606,T,10000,张,1,人民币元,0.005人民币元,实物交割,20250915,20260612,202606,20260617
TF2606.CFX,TF2606,CFFEX,TF2606,TF,10000,张,1,人民币元,0.005人民币元,实物交割,20250915,20260612,202606,20260617
TL2606.CFX,TL2606,CFFEX,TL2606,TL,10000,张,1,人民币元,0.01人民币元,实物交割,20250915,20260612,202606,20260617
TS2606.CFX,TS2606,CFFEX,TS2606,TS,20000,张,1,人民币元,0.002人民币元,实物交割,20250915,20260612,202606,20260617
IH2403.CFX,IH2403,CFFEX,IH2403,IH,300,张,1,指数点,0.2指数点,现金交割,20230724,20240315,202403,20240315
TF1603.CFX,TF1603,CFFEX,TF1603,TF,10000,张,1,人民币元,0.005人民币元,实物交割,20150615,20160311,201603,20160316
IC2511.CFX,IC2511,CFFEX,IC2511,IC,200,张,1,指数点,0.2指数点,现金交割,20250922,20251121,202511,20251121
IF2511.CFX,IF2511,CFFEX,IF2511,IF,300,张,1,指数点,0.2指数点,现金交割,20250922,20251121,202511,20251121
IH2511.CFX,IH2511,CFFEX,IH2511,IH,300,张,1,指数点,0.2指数点,现金交割,20250922,20251121,202511,20251121
IM2511.CFX,IM2511,CFFEX,IM2511,IM,200,张,1,指数点,0.2指数点,现金交割,20250922,20251121,202511,20251121
IF2508.CFX,IF2508,CFFEX,IF2508,IF,300,张,1,指数点,0.2指数点,现金交割,20250623,20250815,202508,20250815
IF1906.CFX,IF1906,CFFEX,IF1906,IF,300,张,1,指数点,0.2指数点,现金交割,20181022,20190621,201906,20190621
IC1906.CFX,IC1906,CFFEX,IC1906,IC,200,张,1,指数点,0.2指数点,现金交割,20181022,20190621,201906,20190621
IH1906.CFX,IH1906,CFFEX,IH1906,IH,300,张,1,指数点,0.2指数点,现金交割,20181022,20190621,201906,20190621
IF1010.CFX,IF1010,CFFEX,IF1010,IF,300,张,1,指数点,0.2指数点,现金交割,20100823,20101015,201010,20101015
TF1406.CFX,TF1406,CFFEX,TF1406,TF,10000,张,1,人民币元,0.005人民币元,实物交割,20130906,20140613,201406,20140618
IF1701.CFX,IF1701,CFFEX,IF1701,IF,300,张,1,指数点,0.2指数点,现金交割,20161121,20170120,201701,20170120
IF1401.CFX,IF1401,CFFEX,IF1401,IF,300,张,1,指数点,0.2指数点,现金交割,20131118,20140117,201401,20140117
TL2503.CFX,TL2503,CFFEX,TL2503,TL,10000,张,1,人民币元,0.01人民币元,实物交割,20240617,20250314,202503,20250319
IF2410.CFX,IF2410,CFFEX,IF2410,IF,300,张,1,指数点,0.2指数点,现金交割,20240819,20241018,202410,20241018
IF1503.CFX,IF1503,CFFEX,IF1503,IF,300,张,1,指数点,0.2指数点,现金交割,20140721,20150320,201503,20150320
IH1506.CFX,IH1506,CFFEX,IH1506,IH,300,张,1,指数点,0.2指数点,现金交割,20150416,20150619,201506,20150619
IH2512.CFX,IH2512,CFFEX,IH2512,IH,300,张,1,指数点,0.2指数点,现金交割,20250421,20251219,202512,20251219
IF1012.CFX,IF1012,CFFEX,IF1012,IF,300,张,1,指数点,0.2指数点,现金交割,20100416,20101217,201012,20101217
IH1510.CFX,IH1510,CFFEX,IH1510,IH,300,张,1,指数点,0.2指数点,现金交割,20150824,20151016,201510,20151016
IC2004.CFX,IC2004,CFFEX,IC2004,IC,200,张,1,指数点,0.2指数点,现金交割,20200224,20200417,202004,20200417
IF2004.CFX,IF2004,CFFEX,IF2004,IF,300,张,1,指数点,0.2指数点,现金交割,20200224,20200417,202004,20200417
IH2004.CFX,IH2004,CFFEX,IH2004,IH,300,张,1,指数点,0.2指数点,现金交割,20200224,20200417,202004,20200417
IF1102.CFX,IF1102,CFFEX,IF1102,IF,300,张,1,指数点,0.2指数点,现金交割,20101220,20110218,201102,20110218
IH2405.CFX,IH2405,CFFEX,IH2405,IH,300,张,1,指数点,0.2指数点,现金交割,20240318,20240517,202405,20240517
IH2605.CFX,IH2605,CFFEX,IH2605,IH,300,张,1,指数点,0.2指数点,现金交割,20260323,20260515,202605,20260515
IF2504.CFX,IF2504,CFFEX,IF2504,IF,300,张,1,指数点,0.2指数点,现金交割,20250224,20250418,202504,20250418
IH2212.CFX,IH2212,CFFEX,IH2212,IH,300,张,1,指数点,0.2指数点,现金交割,20220418,20221216,202212,20221216
IC1608.CFX,IC1608,CFFEX,IC1608,IC,200,张,1,指数点,0.2指数点,现金交割,20160620,20160819,201608,20160819
IC1808.CFX,IC1808,CFFEX,IC1808,IC,200,张,1,指数点,0.2指数点,现金交割,20180619,20180817,201808,20180817
IH1808.CFX,IH1808,CFFEX,IH1808,IH,300,张,1,指数点,0.2指数点,现金交割,20180619,20180817,201808,20180817
IF1808.CFX,IF1808,CFFEX,IF1808,IF,300,张,1,指数点,0.2指数点,现金交割,20180619,20180817,201808,20180817
IF2204.CFX,IF2204,CFFEX,IF2204,IF,300,张,1,指数点,0.2指数点,现金交割,20220221,20220415,202204,20220415
IM2301.CFX,IM2301,CFFEX,IM2301,IM,200,张,1,指数点,0.2指数点,现金交割,20221121,20230120,202301,20230120
T2612.CFX,T2612,CFFEX,T2612,T,10000,张,1,人民币元,0.005人民币元,实物交割,20260316,20261211,202612,20261216
IH2302.CFX,IH2302,CFFEX,IH2302,IH,300,张,1,指数点,0.2指数点,现金交割,20221219,20230217,202302,20230217
IC2507.CFX,IC2507,CFFEX,IC2507,IC,200,张,1,指数点,0.2指数点,现金交割,20250519,20250718,202507,20250718
IH2609.CFX,IH2609,CFFEX,IH2609,IH,300,张,1,指数点,0.2指数点,现金交割,20260119,20260918,202609,20260918
TF1409.CFX,TF1409,CFFEX,TF1409,TF,10000,张,1,人民币元,0.005人民币元,实物交割,20131216,20140912,201409,20140917
IF2210.CFX,IF2210,CFFEX,IF2210,IF,300,张,1,指数点,0.2指数点,现金交割,20220822,20221021,202210,20221021
IH2412.CFX,IH2412,CFFEX,IH2412,IH,300,张,1,指数点,0.2指数点,现金交割,20240422,20241220,202412,20241220
IF1307.CFX,IF1307,CFFEX,IF1307,IF,300,张,1,指数点,0.2指数点,现金交割,20130520,20130719,201307,20130719
IF1911.CFX,IF1911,CFFEX,IF1911,IF,300,张,1,指数点,0.2指数点,现金交割,20190923,20191115,201911,20191115
IC1911.CFX,IC1911,CFFEX,IC1911,IC,200,张,1,指数点,0.2指数点,现金交割,20190923,20191115,201911,20191115
IH1911.CFX,IH1911,CFFEX,IH1911,IH,300,张,1,指数点,0.2指数点,现金交割,20190923,20191115,201911,20191115
IC2212.CFX,IC2212,CFFEX,IC2212,IC,200,张,1,指数点,0.2指数点,现金交割,20220418,20221216,202212,20221216
IC2205.CFX,IC2205,CFFEX,IC2205,IC,200,张,1,指数点,0.2指数点,现金交割,20220321,20220520,202205,20220520
IM2506.CFX,IM2506,CFFEX,IM2506,IM,200,张,1,指数点,0.2指数点,现金交割,20241021,20250620,202506,20250620
TS2212.CFX,TS2212,CFFEX,TS2212,TS,20000,张,1,人民币元,0.002人民币元,实物交割,20220314,20221209,202212,20221214
IF1607.CFX,IF1607,CFFEX,IF1607,IF,300,张,1,指数点,0.2指数点,现金交割,20160523,20160715,201607,20160715
IM2307.CFX,IM2307,CFFEX,IM2307,IM,200,张,1,指数点,0.2指数点,现金交割,20230522,20230721,202307,20230721
T1806.CFX,T1806,CFFEX,T1806,T,10000,张,1,人民币元,0.005人民币元,实物交割,20170911,20180608,201806,20180613
TF1509.CFX,TF1509,CFFEX,TF1509,TF,10000,张,1,人民币元,0.005人民币元,实物交割,20141215,20150911,201509,20150916
IC1801.CFX,IC1801,CFFEX,IC1801,IC,200,张,1,指数点,0.2指数点,现金交割,20171120,20180119,201801,20180119
IF1801.CFX,IF1801,CFFEX,IF1801,IF,300,张,1,指数点,0.2指数点,现金交割,20171120,20180119,201801,20180119
IH1801.CFX,IH1801,CFFEX,IH1801,IH,300,张,1,指数点,0.2指数点,现金交割,20171120,20180119,201801,20180119
IF2501.CFX,IF2501,CFFEX,IF2501,IF,300,张,1,指数点,0.2指数点,现金交割,20241118,20250117,202501,20250117
TF2506.CFX,TF2506,CFFEX,TF2506,TF,10000,张,1,人民币元,0.005人民币元,实物交割,20240918,20250613,202506,20250618
IF2305.CFX,IF2305,CFFEX,IF2305,IF,300,张,1,指数点,0.2指数点,现金交割,20230320,20230519,202305,20230519
T2509.CFX,T2509,CFFEX,T2509,T,10000,张,1,人民币元,0.005人民币元,实物交割,20241216,20250912,202509,20250917
IH2506.CFX,IH2506,CFFEX,IH2506,IH,300,张,1,指数点,0.2指数点,现金交割,20241021,20250620,202506,20250620
T2412.CFX,T2412,CFFEX,T2412,T,10000,张,1,人民币元,0.005人民币元,实物交割,20240311,20241213,202412,20241218
IC2409.CFX,IC2409,CFFEX,IC2409,IC,200,张,1,指数点,0.2指数点,现金交割,20240122,20240920,202409,20240920
IM2602.CFX,IM2602,CFFEX,IM2602,IM,200,张,1,指数点,0.2指数点,现金交割,20251222,20260224,202602,20260224
IC1603.CFX,IC1603,CFFEX,IC1603,IC,200,张,1,指数点,0.2指数点,现金交割,20150720,20160318,201603,20160318
IF1608.CFX,IF1608,CFFEX,IF1608,IF,300,张,1,指数点,0.2指数点,现金交割,20160620,20160819,201608,20160819
IH2507.CFX,IH2507,CFFEX,IH2507,IH,300,张,1,指数点,0.2指数点,现金交割,20250519,20250718,202507,20250718
TL2412.CFX,TL2412,CFFEX,TL2412,TL,10000,张,1,人民币元,0.01人民币元,实物交割,20240311,20241213,202412,20241218
TF1609.CFX,TF1609,CFFEX,TF1609,TF,10000,张,1,人民币元,0.005人民币元,实物交割,20151214,20160909,201609,20160914
IC2210.CFX,IC2210,CFFEX,IC2210,IC,200,张,1,指数点,0.2指数点,现金交割,20220822,20221021,202210,20221021
IH1508.CFX,IH1508,CFFEX,IH1508,IH,300,张,1,指数点,0.2指数点,现金交割,20150623,20150821,201508,20150821
IC2405.CFX,IC2405,CFFEX,IC2405,IC,200,张,1,指数点,0.2指数点,现金交割,20240318,20240517,202405,20240517
TL2509.CFX,TL2509,CFFEX,TL2509,TL,10000,张,1,人民币元,0.01人民币元,实物交割,20241216,20250912,202509,20250917
TF1312.CFX,TF1312,CFFEX,TF1312,TF,10000,张,1,人民币元,0.005人民币元,实物交割,20130906,20131213,201312,20131218
IM2308.CFX,IM2308,CFFEX,IM2308,IM,200,张,1,指数点,0.2指数点,现金交割,20230619,20230818,202308,20230818
IF1104.CFX,IF1104,CFFEX,IF1104,IF,300,张,1,指数点,0.2指数点,现金交割,20110221,20110415,201104,20110415
IF2212.CFX,IF2212,CFFEX,IF2212,IF,300,张,1,指数点,0.2指数点,现金交割,20220418,20221216,202212,20221216
T1706.CFX,T1706,CFFEX,T1706,T,10000,张,1,人民币元,0.005人民币元,实物交割,20160912,20170609,201706,20170614
IF2512.CFX,IF2512,CFFEX,IF2512,IF,300,张,1,指数点,0.2指数点,现金交割,20250421,20251219,202512,20251219
IF2502.CFX,IF2502,CFFEX,IF2502,IF,300,张,1,指数点,0.2指数点,现金交割,20241223,20250221,202502,20250221
T1709.CFX,T1709,CFFEX,T1709,T,10000,张,1,人民币元,0.005人民币元,实物交割,20161212,20170908,201709,20170913
IF1510.CFX,IF1510,CFFEX,IF1510,IF,300,张,1,指数点,0.2指数点,现金交割,20150824,20151016,201510,20151016
IC2601.CFX,IC2601,CFFEX,IC2601,IC,200,张,1,指数点,0.2指数点,现金交割,20251124,20260116,202601,20260116
IF2005.CFX,IF2005,CFFEX,IF2005,IF,300,张,1,指数点,0.2指数点,现金交割,20200323,20200515,202005,20200515
IC2005.CFX,IC2005,CFFEX,IC2005,IC,200,张,1,指数点,0.2指数点,现金交割,20200323,20200515,202005,20200515
IH2005.CFX,IH2005,CFFEX,IH2005,IH,300,张,1,指数点,0.2指数点,现金交割,20200323,20200515,202005,20200515
IF1601.CFX,IF1601,CFFEX,IF1601,IF,300,张,1,指数点,0.2指数点,现金交割,20151123,20160115,201601,20160115
IF2604.CFX,IF2604,CFFEX,IF2604,IF,300,张,1,指数点,0.2指数点,现金交割,20260225,20260417,202604,20260417
IH2303.CFX,IH2303,CFFEX,IH2303,IH,300,张,1,指数点,0.2指数点,现金交割,20220718,20230317,202303,20230317
IC2512.CFX,IC2512,CFFEX,IC2512,IC,200,张,1,指数点,0.2指数点,现金交割,20250421,20251219,202512,20251219
IC1902.CFX,IC1902,CFFEX,IC1902,IC,200,张,1,指数点,0.2指数点,现金交割,20181224,20190215,201902,20190215
IF1902.CFX,IF1902,CFFEX,IF1902,IF,300,张,1,指数点,0.2指数点,现金交割,20181224,20190215,201902,20190215
IH1902.CFX,IH1902,CFFEX,IH1902,IH,300,张,1,指数点,0.2指数点,现金交割,20181224,20190215,201902,20190215
IF1301.CFX,IF1301,CFFEX,IF1301,IF,300,张,1,指数点,0.2指数点,现金交割,20121119,20130118,201301,20130118
TS2312.CFX,TS2312,CFFEX,TS2312,TS,20000,张,1,人民币元,0.002人民币元,实物交割,20230313,20231208,202312,20231213
IF1504.CFX,IF1504,CFFEX,IF1504,IF,300,张,1,指数点,0.2指数点,现金交割,20150226,20150417,201504,20150417
IH1611.CFX,IH1611,CFFEX,IH1611,IH,300,张,1,指数点,0.2指数点,现金交割,20160920,20161118,201611,20161118
IC2402.CFX,IC2402,CFFEX,IC2402,IC,200,张,1,指数点,0.2指数点,现金交割,20231218,20240219,202402,20240219
IH1810.CFX,IH1810,CFFEX,IH1810,IH,300,张,1,指数点,0.2指数点,现金交割,20180820,20181019,201810,20181019
IC2305.CFX,IC2305,CFFEX,IC2305,IC,200,张,1,指数点,0.2指数点,现金交割,20230320,20230519,202305,20230519
IF2111.CFX,IF2111,CFFEX,IF2111,IF,300,张,1,指数点,0.2指数点,现金交割,20210922,20211119,202111,20211119
IC2111.CFX,IC2111,CFFEX,IC2111,IC,200,张,1,指数点,0.2指数点,现金交割,20210922,20211119,202111,20211119
IH2111.CFX,IH2111,CFFEX,IH2111,IH,300,张,1,指数点,0.2指数点,现金交割,20210922,20211119,202111,20211119
IH2411.CFX,IH2411,CFFEX,IH2411,IH,300,张,1,指数点,0.2指数点,现金交割,20240923,20241115,202411,20241115
IF1302.CFX,IF1302,CFFEX,IF1302,IF,300,张,1,指数点,0.2指数点,现金交割,20121224,20130218,201302,20130218
TF1709.CFX,TF1709,CFFEX,TF1709,TF,10000,张,1,人民币元,0.005人民币元,实物交割,20161212,20170908,201709,20170913
TS2406.CFX,TS2406,CFFEX,TS2406,TS,20000,张,1,人民币元,0.002人民币元,实物交割,20230911,20240614,202406,20240619
TF2406.CFX,TF2406,CFFEX,TF2406,TF,10000,张,1,人民币元,0.005人民币元,实物交割,20230911,20240614,202406,20240619
T2406.CFX,T2406,CFFEX,T2406,T,10000,张,1,人民币元,0.005人民币元,实物交割,20230911,20240614,202406,20240619
TL2406.CFX,TL2406,CFFEX,TL2406,TL,10000,张,1,人民币元,0.01人民币元,实物交割,20230911,20240614,202406,20240619
IH2406.CFX,IH2406,CFFEX,IH2406,IH,300,张,1,指数点,0.2指数点,现金交割,20231023,20240621,202406,20240621
T2603.CFX,T2603,CFFEX,T2603,T,10000,张,1,人民币元,0.005人民币元,实物交割,20250616,20260313,202603,20260318
T2609.CFX,T2609,CFFEX,T2609,T,10000,张,1,人民币元,0.005人民币元,实物交割,20251215,20260911,202609,20260916
TF1912.CFX,TF1912,CFFEX,TF1912,TF,10000,张,1,人民币元,0.005人民币元,实物交割,20190311,20191213,201912,20191218
T1912.CFX,T1912,CFFEX,T1912,T,10000,张,1,人民币元,0.005人民币元,实物交割,20190311,20191213,201912,20191218
TS1912.CFX,TS1912,CFFEX,TS1912,TS,20000,张,1,人民币元,0.002人民币元,实物交割,20190311,20191213,201912,20191218
IF1905.CFX,IF1905,CFFEX,IF1905,IF,300,张,1,指数点,0.2指数点,现金交割,20190318,20190517,201905,20190517
IC1905.CFX,IC1905,CFFEX,IC1905,IC,200,张,1,指数点,0.2指数点,现金交割,20190318,20190517,201905,20190517
IH1905.CFX,IH1905,CFFEX,IH1905,IH,300,张,1,指数点,0.2指数点,现金交割,20190318,20190517,201905,20190517
TS2512.CFX,TS2512,CFFEX,TS2512,TS,20000,张,1,人民币元,0.002人民币元,实物交割,20250317,20251212,202512,20251217
TS2506.CFX,TS2506,CFFEX,TS2506,TS,20000,张,1,人民币元,0.002人民币元,实物交割,20240918,20250613,202506,20250618
TL2306.CFX,TL2306,CFFEX,TL2306,TL,10000,张,1,人民币元,0.01人民币元,实物交割,20230421,20230609,202306,20230614
TL2309.CFX,TL2309,CFFEX,TL2309,TL,10000,张,1,人民币元,0.01人民币元,实物交割,20230421,20230908,202309,20230913
TL2312.CFX,TL2312,CFFEX,TL2312,TL,10000,张,1,人民币元,0.01人民币元,实物交割,20230421,20231208,202312,20231213
IH2510.CFX,IH2510,CFFEX,IH2510,IH,300,张,1,指数点,0.2指数点,现金交割,20250818,20251017,202510,20251017
IC2001.CFX,IC2001,CFFEX,IC2001,IC,200,张,1,指数点,0.2指数点,现金交割,20191118,20200117,202001,20200117
IF2001.CFX,IF2001,CFFEX,IF2001,IF,300,张,1,指数点,0.2指数点,现金交割,20191118,20200117,202001,20200117
IH2001.CFX,IH2001,CFFEX,IH2001,IH,300,张,1,指数点,0.2指数点,现金交割,20191118,20200117,202001,20200117
IF1807.CFX,IF1807,CFFEX,IF1807,IF,300,张,1,指数点,0.2指数点,现金交割,20180521,20180720,201807,20180720
IH1807.CFX,IH1807,CFFEX,IH1807,IH,300,张,1,指数点,0.2指数点,现金交割,20180521,20180720,201807,20180720
IC1807.CFX,IC1807,CFFEX,IC1807,IC,200,张,1,指数点,0.2指数点,现金交割,20180521,20180720,201807,20180720
IF2211.CFX,IF2211,CFFEX,IF2211,IF,300,张,1,指数点,0.2指数点,现金交割,20220919,20221118,202211,20221118
IF2406.CFX,IF2406,CFFEX,IF2406,IF,300,张,1,指数点,0.2指数点,现金交割,20231023,20240621,202406,20240621
IC1605.CFX,IC1605,CFFEX,IC1605,IC,200,张,1,指数点,0.2指数点,现金交割,20160321,20160520,201605,20160520
IH2312.CFX,IH2312,CFFEX,IH2312,IH,300,张,1,指数点,0.2指数点,现金交割,20230424,20231215,202312,20231215
IH1604.CFX,IH1604,CFFEX,IH1604,IH,300,张,1,指数点,0.2指数点,现金交割,20160222,20160415,201604,20160415
IH1603.CFX,IH1603,CFFEX,IH1603,IH,300,张,1,指数点,0.2指数点,现金交割,20150720,20160318,201603,20160318
IH2301.CFX,IH2301,CFFEX,IH2301,IH,300,张,1,指数点,0.2指数点,现金交割,20221121,20230120,202301,20230120
T2009.CFX,T2009,CFFEX,T2009,T,10000,张,1,人民币元,0.005人民币元,实物交割,20191216,20200911,202009,20200916
TF2009.CFX,TF2009,CFFEX,TF2009,TF,10000,张,1,人民币元,0.005人民币元,实物交割,20191216,20200911,202009,20200916
TS2009.CFX,TS2009,CFFEX,TS2009,TS,20000,张,1,人民币元,0.002人民币元,实物交割,20191216,20200911,202009,20200916
IC1511.CFX,IC1511,CFFEX,IC1511,IC,200,张,1,指数点,0.2指数点,现金交割,20150921,20151120,201511,20151120
IF2404.CFX,IF2404,CFFEX,IF2404,IF,300,张,1,指数点,0.2指数点,现金交割,20240220,20240419,202404,20240419
IF2312.CFX,IF2312,CFFEX,IF2312,IF,300,张,1,指数点,0.2指数点,现金交割,20230424,20231215,202312,20231215
IC1907.CFX,IC1907,CFFEX,IC1907,IC,200,张,1,指数点,0.2指数点,现金交割,20190520,20190719,201907,20190719
IF1907.CFX,IF1907,CFFEX,IF1907,IF,300,张,1,指数点,0.2指数点,现金交割,20190520,20190719,201907,20190719
IH1907.CFX,IH1907,CFFEX,IH1907,IH,300,张,1,指数点,0.2指数点,现金交割,20190520,20190719,201907,20190719
TL2506.CFX,TL2506,CFFEX,TL2506,TL,10000,张,1,人民币元,0.01人民币元,实物交割,20240918,20250613,202506,20250618
IF2408.CFX,IF2408,CFFEX,IF2408,IF,300,张,1,指数点,0.2指数点,现金交割,20240624,20240816,202408,20240816
TF1706.CFX,TF1706,CFFEX,TF1706,TF,10000,张,1,人民币元,0.005人民币元,实物交割,20160912,20170609,201706,20170614
IH2207.CFX,IH2207,CFFEX,IH2207,IH,300,张,1,指数点,0.2指数点,现金交割,20220523,20220715,202207,20220715
TS2303.CFX,TS2303,CFFEX,TS2303,TS,20000,张,1,人民币元,0.002人民币元,实物交割,20220613,20230310,202303,20230315
IH2409.CFX,IH2409,CFFEX,IH2409,IH,300,张,1,指数点,0.2指数点,现金交割,20240122,20240920,202409,20240920
IC2006.CFX,IC2006,CFFEX,IC2006,IC,200,张,1,指数点,0.2指数点,现金交割,20191021,20200619,202006,20200619
IF2006.CFX,IF2006,CFFEX,IF2006,IF,300,张,1,指数点,0.2指数点,现金交割,20191021,20200619,202006,20200619
IH2006.CFX,IH2006,CFFEX,IH2006,IH,300,张,1,指数点,0.2指数点,现金交割,20191021,20200619,202006,20200619
IM2501.CFX,IM2501,CFFEX,IM2501,IM,200,张,1,指数点,0.2指数点,现金交割,20241118,20250117,202501,20250117
IF2303.CFX,IF2303,CFFEX,IF2303,IF,300,张,1,指数点,0.2指数点,现金交割,20220718,20230317,202303,20230317
IH1512.CFX,IH1512,CFFEX,IH1512,IH,300,张,1,指数点,0.2指数点,现金交割,20150416,20151218,201512,20151218
IH2401.CFX,IH2401,CFFEX,IH2401,IH,300,张,1,指数点,0.2指数点,现金交割,20231120,20240119,202401,20240119
IH2208.CFX,IH2208,CFFEX,IH2208,IH,300,张,1,指数点,0.2指数点,现金交割,20220620,20220819,202208,20220819
IF1406.CFX,IF1406,CFFEX,IF1406,IF,300,张,1,指数点,0.2指数点,现金交割,20131021,20140620,201406,20140620
IC2406.CFX,IC2406,CFFEX,IC2406,IC,200,张,1,指数点,0.2指数点,现金交割,20231023,20240621,202406,20240621
T2206.CFX,T2206,CFFEX,T2206,T,10000,张,1,人民币元,0.005人民币元,实物交割,20210913,20220610,202206,20220615
TF2206.CFX,TF2206,CFFEX,TF2206,TF,10000,张,1,人民币元,0.005人民币元,实物交割,20210913,20220610,202206,20220615
TS2206.CFX,TS2206,CFFEX,TS2206,TS,20000,张,1,人民币元,0.002人民币元,实物交割,20210913,20220610,202206,20220615
IM2508.CFX,IM2508,CFFEX,IM2508,IM,200,张,1,指数点,0.2指数点,现金交割,20250623,20250815,202508,20250815
IH1607.CFX,IH1607,CFFEX,IH1607,IH,300,张,1,指数点,0.2指数点,现金交割,20160523,20160715,201607,20160715
IF1209.CFX,IF1209,CFFEX,IF1209,IF,300,张,1,指数点,0.2指数点,现金交割,20120130,20120921,201209,20120921
IM2305.CFX,IM2305,CFFEX,IM2305,IM,200,张,1,指数点,0.2指数点,现金交割,20230320,20230519,202305,20230519
IF1403.CFX,IF1403,CFFEX,IF1403,IF,300,张,1,指数点,0.2指数点,现金交割,20130722,20140321,201403,20140321
IC2107.CFX,IC2107,CFFEX,IC2107,IC,200,张,1,指数点,0.2指数点,现金交割,20210524,20210716,202107,20210716
IF2107.CFX,IF2107,CFFEX,IF2107,IF,300,张,1,指数点,0.2指数点,现金交割,20210524,20210716,202107,20210716
IH2107.CFX,IH2107,CFFEX,IH2107,IH,300,张,1,指数点,0.2指数点,现金交割,20210524,20210716,202107,20210716
IF1609.CFX,IF1609,CFFEX,IF1609,IF,300,张,1,指数点,0.2指数点,现金交割,20160118,20160919,201609,20160919
IF1108.CFX,IF1108,CFFEX,IF1108,IF,300,张,1,指数点,0.2指数点,现金交割,20110620,20110819,201108,20110819
IH1505.CFX,IH1505,CFFEX,IH1505,IH,300,张,1,指数点,0.2指数点,现金交割,20150416,20150515,201505,20150515
IH2311.CFX,IH2311,CFFEX,IH2311,IH,300,张,1,指数点,0.2指数点,现金交割,20230918,20231117,202311,20231117
IF1409.CFX,IF1409,CFFEX,IF1409,IF,300,张,1,指数点,0.2指数点,现金交割,20140120,20140919,201409,20140919
IF1611.CFX,IF1611,CFFEX,IF1611,IF,300,张,1,指数点,0.2指数点,现金交割,20160920,20161118,201611,20161118
IF2405.CFX,IF2405,CFFEX,IF2405,IF,300,张,1,指数点,0.2指数点,现金交割,20240318,20240517,202405,20240517
IF1006.CFX,IF1006,CFFEX,IF1006,IF,300,张,1,指数点,0.2指数点,现金交割,20100416,20100618,201006,20100618
T2303.CFX,T2303,CFFEX,T2303,T,10000,张,1,人民币元,0.005人民币元,实物交割,20220613,20230310,202303,20230315
IF1310.CFX,IF1310,CFFEX,IF1310,IF,300,张,1,指数点,0.2指数点,现金交割,20130819,20131018,201310,20131018
IF1706.CFX,IF1706,CFFEX,IF1706,IF,300,张,1,指数点,0.2指数点,现金交割,20161024,20170616,201706,20170616
IC1612.CFX,IC1612,CFFEX,IC1612,IC,200,张,1,指数点,0.2指数点,现金交割,20160418,20161216,201612,20161216
IH2310.CFX,IH2310,CFFEX,IH2310,IH,300,张,1,指数点,0.2指数点,现金交割,20230821,20231020,202310,20231020
IH1605.CFX,IH1605,CFFEX,IH1605,IH,300,张,1,指数点,0.2指数点,现金交割,20160321,20160520,201605,20160520
TF1606.CFX,TF1606,CFFEX,TF1606,TF,10000,张,1,人民币元,0.005人民币元,实物交割,20150914,20160613,201606,20160616
IH1609.CFX,IH1609,CFFEX,IH1609,IH,300,张,1,指数点,0.2指数点,现金交割,20160118,20160919,201609,20160919
IF1811.CFX,IF1811,CFFEX,IF1811,IF,300,张,1,指数点,0.2指数点,现金交割,20180925,20181116,201811,20181116
IC1811.CFX,IC1811,CFFEX,IC1811,IC,200,张,1,指数点,0.2指数点,现金交割,20180925,20181116,201811,20181116
IH1811.CFX,IH1811,CFFEX,IH1811,IH,300,张,1,指数点,0.2指数点,现金交割,20180925,20181116,201811,20181116
IM2406.CFX,IM2406,CFFEX,IM2406,IM,200,张,1,指数点,0.2指数点,现金交割,20231023,20240621,202406,20240621
T2503.CFX,T2503,CFFEX,T2503,T,10000,张,1,人民币元,0.005人民币元,实物交割,20240617,20250314,202503,20250319
IH2211.CFX,IH2211,CFFEX,IH2211,IH,300,张,1,指数点,0.2指数点,现金交割,20220919,20221118,202211,20221118
IH2504.CFX,IH2504,CFFEX,IH2504,IH,300,张,1,指数点,0.2指数点,现金交割,20250224,20250418,202504,20250418
IC2105.CFX,IC2105,CFFEX,IC2105,IC,200,张,1,指数点,0.2指数点,现金交割,20210322,20210521,202105,20210521
IF2105.CFX,IF2105,CFFEX,IF2105,IF,300,张,1,指数点,0.2指数点,现金交割,20210322,20210521,202105,20210521
IH2105.CFX,IH2105,CFFEX,IH2105,IH,300,张,1,指数点,0.2指数点,现金交割,20210322,20210521,202105,20210521
IF1512.CFX,IF1512,CFFEX,IF1512,IF,300,张,1,指数点,0.2指数点,现金交割,20150420,20151218,201512,20151218
T1609.CFX,T1609,CFFEX,T1609,T,10000,张,1,人民币元,0.005人民币元,实物交割,20151214,20160909,201609,20160914
IH1705.CFX,IH1705,CFFEX,IH1705,IH,300,张,1,指数点,0.2指数点,现金交割,20170320,20170519,201705,20170519
IF1705.CFX,IF1705,CFFEX,IF1705,IF,300,张,1,指数点,0.2指数点,现金交割,20170320,20170519,201705,20170519
IC1705.CFX,IC1705,CFFEX,IC1705,IC,200,张,1,指数点,0.2指数点,现金交割,20170320,20170519,201705,20170519
IC2202.CFX,IC2202,CFFEX,IC2202,IC,200,张,1,指数点,0.2指数点,现金交割,20211220,20220218,202202,20220218
IH1507.CFX,IH1507,CFFEX,IH1507,IH,300,张,1,指数点,0.2指数点,现金交割,20150518,20150717,201507,20150717
IH1601.CFX,IH1601,CFFEX,IH1601,IH,300,张,1,指数点,0.2指数点,现金交割,20151123,20160115,201601,20160115
IH2502.CFX,IH2502,CFFEX,IH2502,IH,300,张,1,指数点,0.2指数点,现金交割,20241223,20250221,202502,20250221
IF1710.CFX,IF1710,CFFEX,IF1710,IF,300,张,1,指数点,0.2指数点,现金交割,20170821,20171020,201710,20171020
IF1208.CFX,IF1208,CFFEX,IF1208,IF,300,张,1,指数点,0.2指数点,现金交割,20120618,20120817,201208,20120817
IH2603.CFX,IH2603,CFFEX,IH2603,IH,300,张,1,指数点,0.2指数点,现金交割,20250721,20260320,202603,20260320
IC1709.CFX,IC1709,CFFEX,IC1709,IC,200,张,1,指数点,0.2指数点,现金交割,20170123,20170915,201709,20170915
IF1709.CFX,IF1709,CFFEX,IF1709,IF,300,张,1,指数点,0.2指数点,现金交割,20170123,20170915,201709,20170915
IH1709.CFX,IH1709,CFFEX,IH1709,IH,300,张,1,指数点,0.2指数点,现金交割,20170123,20170915,201709,20170915
IF2505.CFX,IF2505,CFFEX,IF2505,IF,300,张,1,指数点,0.2指数点,现金交割,20250324,20250516,202505,20250516
IM2509.CFX,IM2509,CFFEX,IM2509,IM,200,张,1,指数点,0.2指数点,现金交割,20250120,20250919,202509,20250919
TS2612.CFX,TS2612,CFFEX,TS2612,TS,20000,张,1,人民币元,0.002人民币元,实物交割,20260316,20261211,202612,20261216
TF2503.CFX,TF2503,CFFEX,TF2503,TF,10000,张,1,人民币元,0.005人民币元,实物交割,20240617,20250314,202503,20250319
T2212.CFX,T2212,CFFEX,T2212,T,10000,张,1,人民币元,0.005人民币元,实物交割,20220314,20221209,202212,20221214
IF1107.CFX,IF1107,CFFEX,IF1107,IF,300,张,1,指数点,0.2指数点,现金交割,20110523,20110715,201107,20110715
IF1402.CFX,IF1402,CFFEX,IF1402,IF,300,张,1,指数点,0.2指数点,现金交割,20131223,20140221,201402,20140221
IF1702.CFX,IF1702,CFFEX,IF1702,IF,300,张,1,指数点,0.2指数点,现金交割,20161219,20170217,201702,20170217
IC1509.CFX,IC1509,CFFEX,IC1509,IC,200,张,1,指数点,0.2指数点,现金交割,20150416,20150918,201509,20150918
IC2002.CFX,IC2002,CFFEX,IC2002,IC,200,张,1,指数点,0.2指数点,现金交割,20191223,20200221,202002,20200221
IF2002.CFX,IF2002,CFFEX,IF2002,IF,300,张,1,指数点,0.2指数点,现金交割,20191223,20200221,202002,20200221
IH2002.CFX,IH2002,CFFEX,IH2002,IH,300,张,1,指数点,0.2指数点,现金交割,20191223,20200221,202002,20200221
IC2211.CFX,IC2211,CFFEX,IC2211,IC,200,张,1,指数点,0.2指数点,现金交割,20220919,20221118,202211,20221118
IC2207.CFX,IC2207,CFFEX,IC2207,IC,200,张,1,指数点,0.2指数点,现金交割,20220523,20220715,202207,20220715
IF1312.CFX,IF1312,CFFEX,IF1312,IF,300,张,1,指数点,0.2指数点,现金交割,20130422,20131220,201312,20131220
T2306.CFX,T2306,CFFEX,T2306,T,10000,张,1,人民币元,0.005人民币元,实物交割,20220913,20230609,202306,20230614
TF2306.CFX,TF2306,CFFEX,TF2306,TF,10000,张,1,人民币元,0.005人民币元,实物交割,20220913,20230609,202306,20230614
TS2306.CFX,TS2306,CFFEX,TS2306,TS,20000,张,1,人民币元,0.002人民币元,实物交割,20220913,20230609,202306,20230614
IM2402.CFX,IM2402,CFFEX,IM2402,IM,200,张,1,指数点,0.2指数点,现金交割,20231218,20240219,202402,20240219
IC1507.CFX,IC1507,CFFEX,IC1507,IC,200,张,1,指数点,0.2指数点,现金交割,20150518,20150717,201507,20150717
TF1806.CFX,TF1806,CFFEX,TF1806,TF,10000,张,1,人民币元,0.005人民币元,实物交割,20170911,20180608,201806,20180613
IH1612.CFX,IH1612,CFFEX,IH1612,IH,300,张,1,指数点,0.2指数点,现金交割,20160418,20161216,201612,20161216
IC2609.CFX,IC2609,CFFEX,IC2609,IC,200,张,1,指数点,0.2指数点,现金交割,20260119,20260918,202609,20260918
IC1805.CFX,IC1805,CFFEX,IC1805,IC,200,张,1,指数点,0.2指数点,现金交割,20180319,20180518,201805,20180518
IH1805.CFX,IH1805,CFFEX,IH1805,IH,300,张,1,指数点,0.2指数点,现金交割,20180319,20180518,201805,20180518
IF1805.CFX,IF1805,CFFEX,IF1805,IF,300,张,1,指数点,0.2指数点,现金交割,20180319,20180518,201805,20180518
IM2504.CFX,IM2504,CFFEX,IM2504,IM,200,张,1,指数点,0.2指数点,现金交割,20250224,20250418,202504,20250418
IH1812.CFX,IH1812,CFFEX,IH1812,IH,300,张,1,指数点,0.2指数点,现金交割,20180423,20181221,201812,20181221
IF1812.CFX,IF1812,CFFEX,IF1812,IF,300,张,1,指数点,0.2指数点,现金交割,20180423,20181221,201812,20181221
IC1812.CFX,IC1812,CFFEX,IC1812,IC,200,张,1,指数点,0.2指数点,现金交割,20180423,20181221,201812,20181221
IF1610.CFX,IF1610,CFFEX,IF1610,IF,300,张,1,指数点,0.2指数点,现金交割,20160822,20161021,201610,20161021
IF2507.CFX,IF2507,CFFEX,IF2507,IF,300,张,1,指数点,0.2指数点,现金交割,20250519,20250718,202507,20250718
IC1806.CFX,IC1806,CFFEX,IC1806,IC,200,张,1,指数点,0.2指数点,现金交割,20171023,20180615,201806,20180615
IF1806.CFX,IF1806,CFFEX,IF1806,IF,300,张,1,指数点,0.2指数点,现金交割,20171023,20180615,201806,20180615
IH1806.CFX,IH1806,CFFEX,IH1806,IH,300,张,1,指数点,0.2指数点,现金交割,20171023,20180615,201806,20180615
IC2407.CFX,IC2407,CFFEX,IC2407,IC,200,张,1,指数点,0.2指数点,现金交割,20240520,20240719,202407,20240719
T2209.CFX,T2209,CFFEX,T2209,T,10000,张,1,人民币元,0.005人民币元,实物交割,20211213,20220909,202209,20220915
TF2209.CFX,TF2209,CFFEX,TF2209,TF,10000,张,1,人民币元,0.005人民币元,实物交割,20211213,20220909,202209,20220915
TS2209.CFX,TS2209,CFFEX,TS2209,TS,20000,张,1,人民币元,0.002人民币元,实物交割,20211213,20220909,202209,20220915
TL2609.CFX,TL2609,CFFEX,TL2609,TL,10000,张,1,人民币元,0.01人民币元,实物交割,20251215,20260911,202609,20260916
IC1712.CFX,IC1712,CFFEX,IC1712,IC,200,张,1,指数点,0.2指数点,现金交割,20170424,20171215,201712,20171215
IF1712.CFX,IF1712,CFFEX,IF1712,IF,300,张,1,指数点,0.2指数点,现金交割,20170424,20171215,201712,20171215
IH1712.CFX,IH1712,CFFEX,IH1712,IH,300,张,1,指数点,0.2指数点,现金交割,20170424,20171215,201712,20171215
IH2306.CFX,IH2306,CFFEX,IH2306,IH,300,张,1,指数点,0.2指数点,现金交割,20221024,20230616,202306,20230616
IH1701.CFX,IH1701,CFFEX,IH1701,IH,300,张,1,指数点,0.2指数点,现金交割,20161121,20170120,201701,20170120
IF1101.CFX,IF1101,CFFEX,IF1101,IF,300,张,1,指数点,0.2指数点,现金交割,20101122,20110121,201101,20110121
T2203.CFX,T2203,CFFEX,T2203,T,10000,张,1,人民币元,0.005人民币元,实物交割,20210615,20220311,202203,20220316
TF2203.CFX,TF2203,CFFEX,TF2203,TF,10000,张,1,人民币元,0.005人民币元,实物交割,20210615,20220311,202203,20220316
TS2203.CFX,TS2203,CFFEX,TS2203,TS,20000,张,1,人民币元,0.002人民币元,实物交割,20210615,20220311,202203,20220316
IC1609.CFX,IC1609,CFFEX,IC1609,IC,200,张,1,指数点,0.2指数点,现金交割,20160118,20160919,201609,20160919
IC1602.CFX,IC1602,CFFEX,IC1602,IC,200,张,1,指数点,0.2指数点,现金交割,20151221,20160219,201602,20160219
IC2510.CFX,IC2510,CFFEX,IC2510,IC,200,张,1,指数点,0.2指数点,现金交割,20250818,20251017,202510,20251017
TF1712.CFX,TF1712,CFFEX,TF1712,TF,10000,张,1,人民币元,0.005人民币元,实物交割,20170313,20171208,201712,20171213
T1712.CFX,T1712,CFFEX,T1712,T,10000,张,1,人民币元,0.005人民币元,实物交割,20170313,20171208,201712,20171213
IH2407.CFX,IH2407,CFFEX,IH2407,IH,300,张,1,指数点,0.2指数点,现金交割,20240520,20240719,202407,20240719
T1812.CFX,T1812,CFFEX,T1812,T,10000,张,1,人民币元,0.005人民币元,实物交割,20180312,20181214,201812,20181219
TF1812.CFX,TF1812,CFFEX,TF1812,TF,10000,张,1,人民币元,0.005人民币元,实物交割,20180312,20181214,201812,20181219
IF1304.CFX,IF1304,CFFEX,IF1304,IF,300,张,1,指数点,0.2指数点,现金交割,20130219,20130419,201304,20130419
TF2612.CFX,TF2612,CFFEX,TF2612,TF,10000,张,1,人民币元,0.005人民币元,实物交割,20260316,20261211,202612,20261216
IF1309.CFX,IF1309,CFFEX,IF1309,IF,300,张,1,指数点,0.2指数点,现金交割,20130121,20130923,201309,20130923
IC2201.CFX,IC2201,CFFEX,IC2201,IC,200,张,1,指数点,0.2指数点,现金交割,20211122,20220121,202201,20220121
IF2201.CFX,IF2201,CFFEX,IF2201,IF,300,张,1,指数点,0.2指数点,现金交割,20211122,20220121,202201,20220121
IH2201.CFX,IH2201,CFFEX,IH2201,IH,300,张,1,指数点,0.2指数点,现金交割,20211122,20220121,202201,20220121
TF1612.CFX,TF1612,CFFEX,TF1612,TF,10000,张,1,人民币元,0.005人民币元,实物交割,20160314,20161209,201612,20161214
IC2208.CFX,IC2208,CFFEX,IC2208,IC,200,张,1,指数点,0.2指数点,现金交割,20220620,20220819,202208,20220819
IM2302.CFX,IM2302,CFFEX,IM2302,IM,200,张,1,指数点,0.2指数点,现金交割,20221219,20230217,202302,20230217
IF2506.CFX,IF2506,CFFEX,IF2506,IF,300,张,1,指数点,0.2指数点,现金交割,20241021,20250620,202506,20250620
IF1109.CFX,IF1109,CFFEX,IF1109,IF,300,张,1,指数点,0.2指数点,现金交割,20110124,20110916,201109,20110916
IM2211.CFX,IM2211,CFFEX,IM2211,IM,200,张,1,指数点,0.2指数点,现金交割,20220919,20221118,202211,20221118
IM2404.CFX,IM2404,CFFEX,IM2404,IM,200,张,1,指数点,0.2指数点,现金交割,20240220,20240419,202404,20240419
IH2501.CFX,IH2501,CFFEX,IH2501,IH,300,张,1,指数点,0.2指数点,现金交割,20241118,20250117,202501,20250117
IC2403.CFX,IC2403,CFFEX,IC2403,IC,200,张,1,指数点,0.2指数点,现金交割,20230724,20240315,202403,20240315
IF2208.CFX,IF2208,CFFEX,IF2208,IF,300,张,1,指数点,0.2指数点,现金交割,20220620,20220819,202208,20220819
IF1411.CFX,IF1411,CFFEX,IF1411,IF,300,张,1,指数点,0.2指数点,现金交割,20140922,20141121,201411,20141121
IH2404.CFX,IH2404,CFFEX,IH2404,IH,300,张,1,指数点,0.2指数点,现金交割,20240220,20240419,202404,20240419
IC1707.CFX,IC1707,CFFEX,IC1707,IC,200,张,1,指数点,0.2指数点,现金交割,20170522,20170721,201707,20170721
IF1707.CFX,IF1707,CFFEX,IF1707,IF,300,张,1,指数点,0.2指数点,现金交割,20170522,20170721,201707,20170721
IH1707.CFX,IH1707,CFFEX,IH1707,IH,300,张,1,指数点,0.2指数点,现金交割,20170522,20170721,201707,20170721
IF1909.CFX,IF1909,CFFEX,IF1909,IF,300,张,1,指数点,0.2指数点,现金交割,20190121,20190920,201909,20190920
IC1909.CFX,IC1909,CFFEX,IC1909,IC,200,张,1,指数点,0.2指数点,现金交割,20190121,20190920,201909,20190920
IH1909.CFX,IH1909,CFFEX,IH1909,IH,300,张,1,指数点,0.2指数点,现金交割,20190121,20190920,201909,20190920
IH1910.CFX,IH1910,CFFEX,IH1910,IH,300,张,1,指数点,0.2指数点,现金交割,20190819,20191018,201910,20191018
IF1910.CFX,IF1910,CFFEX,IF1910,IF,300,张,1,指数点,0.2指数点,现金交割,20190819,20191018,201910,20191018
IC1910.CFX,IC1910,CFFEX,IC1910,IC,200,张,1,指数点,0.2指数点,现金交割,20190819,20191018,201910,20191018
IH2204.CFX,IH2204,CFFEX,IH2204,IH,300,张,1,指数点,0.2指数点,现金交割,20220221,20220415,202204,20220415
IC1610.CFX,IC1610,CFFEX,IC1610,IC,200,张,1,指数点,0.2指数点,现金交割,20160822,20161021,201610,20161021
IC1703.CFX,IC1703,CFFEX,IC1703,IC,200,张,1,指数点,0.2指数点,现金交割,20160718,20170317,201703,20170317
IM2605.CFX,IM2605,CFFEX,IM2605,IM,200,张,1,指数点,0.2指数点,现金交割,20260323,20260515,202605,20260515
T2312.CFX,T2312,CFFEX,T2312,T,10000,张,1,人民币元,0.005人民币元,实物交割,20230313,20231208,202312,20231213
IF1005.CFX,IF1005,CFFEX,IF1005,IF,300,张,1,指数点,0.2指数点,现金交割,20100416,20100521,201005,20100521
T2103.CFX,T2103,CFFEX,T2103,T,10000,张,1,人民币元,0.005人民币元,实物交割,20200615,20210312,202103,20210317
TF2103.CFX,TF2103,CFFEX,TF2103,TF,10000,张,1,人民币元,0.005人民币元,实物交割,20200615,20210312,202103,20210317
TS2103.CFX,TS2103,CFFEX,TS2103,TS,20000,张,1,人民币元,0.002人民币元,实物交割,20200615,20210312,202103,20210317
IF2207.CFX,IF2207,CFFEX,IF2207,IF,300,张,1,指数点,0.2指数点,现金交割,20220523,20220715,202207,20220715
IH2505.CFX,IH2505,CFFEX,IH2505,IH,300,张,1,指数点,0.2指数点,现金交割,20250324,20250516,202505,20250516
IC2411.CFX,IC2411,CFFEX,IC2411,IC,200,张,1,指数点,0.2指数点,现金交割,20240923,20241115,202411,20241115
IC2109.CFX,IC2109,CFFEX,IC2109,IC,200,张,1,指数点,0.2指数点,现金交割,20210118,20210917,202109,20210917
IF2109.CFX,IF2109,CFFEX,IF2109,IF,300,张,1,指数点,0.2指数点,现金交割,20210118,20210917,202109,20210917
IH2109.CFX,IH2109,CFFEX,IH2109,IH,300,张,1,指数点,0.2指数点,现金交割,20210118,20210917,202109,20210917
IF1903.CFX,IF1903,CFFEX,IF1903,IF,300,张,1,指数点,0.2指数点,现金交割,20180723,20190315,201903,20190315
IC1903.CFX,IC1903,CFFEX,IC1903,IC,200,张,1,指数点,0.2指数点,现金交割,20180723,20190315,201903,20190315
IH1903.CFX,IH1903,CFFEX,IH1903,IH,300,张,1,指数点,0.2指数点,现金交割,20180723,20190315,201903,20190315
IC2011.CFX,IC2011,CFFEX,IC2011,IC,200,张,1,指数点,0.2指数点,现金交割,20200921,20201120,202011,20201120
IF2011.CFX,IF2011,CFFEX,IF2011,IF,300,张,1,指数点,0.2指数点,现金交割,20200921,20201120,202011,20201120
IH2011.CFX,IH2011,CFFEX,IH2011,IH,300,张,1,指数点,0.2指数点,现金交割,20200921,20201120,202011,20201120
T1809.CFX,T1809,CFFEX,T1809,T,10000,张,1,人民币元,0.005人民币元,实物交割,20171211,20180914,201809,20180919
TF1809.CFX,TF1809,CFFEX,TF1809,TF,10000,张,1,人民币元,0.005人民币元,实物交割,20171211,20180914,201809,20180919
IH2508.CFX,IH2508,CFFEX,IH2508,IH,300,张,1,指数点,0.2指数点,现金交割,20250623,20250815,202508,20250815
IF1311.CFX,IF1311,CFFEX,IF1311,IF,300,张,1,指数点,0.2指数点,现金交割,20130924,20131115,201311,20131115
IH2012.CFX,IH2012,CFFEX,IH2012,IH,300,张,1,指数点,0.2指数点,现金交割,20200420,20201218,202012,20201218
IF2012.CFX,IF2012,CFFEX,IF2012,IF,300,张,1,指数点,0.2指数点,现金交割,20200420,20201218,202012,20201218
IC2012.CFX,IC2012,CFFEX,IC2012,IC,200,张,1,指数点,0.2指数点,现金交割,20200420,20201218,202012,20201218
IF1210.CFX,IF1210,CFFEX,IF1210,IF,300,张,1,指数点,0.2指数点,现金交割,20120820,20121019,201210,20121019
IM2208.CFX,IM2208,CFFEX,IM2208,IM,200,张,1,指数点,0.2指数点,现金交割,20220722,20220819,202208,20220819
IM2209.CFX,IM2209,CFFEX,IM2209,IM,200,张,1,指数点,0.2指数点,现金交割,20220722,20220916,202209,20220916
IM2212.CFX,IM2212,CFFEX,IM2212,IM,200,张,1,指数点,0.2指数点,现金交割,20220722,20221216,202212,20221216
IM2303.CFX,IM2303,CFFEX,IM2303,IM,200,张,1,指数点,0.2指数点,现金交割,20220722,20230317,202303,20230317
IF1306.CFX,IF1306,CFFEX,IF1306,IF,300,张,1,指数点,0.2指数点,现金交割,20121022,20130621,201306,20130621
TF1503.CFX,TF1503,CFFEX,TF1503,TF,10000,张,1,人民币元,0.005人民币元,实物交割,20140616,20150313,201503,20150318
IC1908.CFX,IC1908,CFFEX,IC1908,IC,200,张,1,指数点,0.2指数点,现金交割,20190624,20190816,201908,20190816
IF1908.CFX,IF1908,CFFEX,IF1908,IF,300,张,1,指数点,0.2指数点,现金交割,20190624,20190816,201908,20190816
IH1908.CFX,IH1908,CFFEX,IH1908,IH,300,张,1,指数点,0.2指数点,现金交割,20190624,20190816,201908,20190816
IF1111.CFX,IF1111,CFFEX,IF1111,IF,300,张,1,指数点,0.2指数点,现金交割,20110919,20111118,201111,20111118
IC2603.CFX,IC2603,CFFEX,IC2603,IC,200,张,1,指数点,0.2指数点,现金交割,20250721,20260320,202603,20260320
IH2601.CFX,IH2601,CFFEX,IH2601,IH,300,张,1,指数点,0.2指数点,现金交割,20251124,20260116,202601,20260116
IC1505.CFX,IC1505,CFFEX,IC1505,IC,200,张,1,指数点,0.2指数点,现金交割,20150416,20150515,201505,20150515
IF1008.CFX,IF1008,CFFEX,IF1008,IF,300,张,1,指数点,0.2指数点,现金交割,20100621,20100820,201008,20100820
IF1410.CFX,IF1410,CFFEX,IF1410,IF,300,张,1,指数点,0.2指数点,现金交割,20140818,20141017,201410,20141017
T2506.CFX,T2506,CFFEX,T2506,T,10000,张,1,人民币元,0.005人民币元,实物交割,20240918,20250613,202506,20250618
TF1403.CFX,TF1403,CFFEX,TF1403,TF,10000,张,1,人民币元,0.005人民币元,实物交割,20130906,20140314,201403,20140319
TF2212.CFX,TF2212,CFFEX,TF2212,TF,10000,张,1,人民币元,0.005人民币元,实物交割,20220314,20221209,202212,20221214
IM2604.CFX,IM2604,CFFEX,IM2604,IM,200,张,1,指数点,0.2指数点,现金交割,20260225,20260417,202604,20260417
IF2409.CFX,IF2409,CFFEX,IF2409,IF,300,张,1,指数点,0.2指数点,现金交割,20240122,20240920,202409,20240920
IC2412.CFX,IC2412,CFFEX,IC2412,IC,200,张,1,指数点,0.2指数点,现金交割,20240422,20241220,202412,20241220
IF2308.CFX,IF2308,CFFEX,IF2308,IF,300,张,1,指数点,0.2指数点,现金交割,20230619,20230818,202308,20230818
IM2408.CFX,IM2408,CFFEX,IM2408,IM,200,张,1,指数点,0.2指数点,现金交割,20240624,20240816,202408,20240816
IC1601.CFX,IC1601,CFFEX,IC1601,IC,200,张,1,指数点,0.2指数点,现金交割,20151123,20160115,201601,20160115
IC2602.CFX,IC2602,CFFEX,IC2602,IC,200,张,1,指数点,0.2指数点,现金交割,20251222,20260224,202602,20260224
IC2203.CFX,IC2203,CFFEX,IC2203,IC,200,张,1,指数点,0.2指数点,现金交割,20210719,20220318,202203,20220318
IF2203.CFX,IF2203,CFFEX,IF2203,IF,300,张,1,指数点,0.2指数点,现金交割,20210719,20220318,202203,20220318
IH2203.CFX,IH2203,CFFEX,IH2203,IH,300,张,1,指数点,0.2指数点,现金交割,20210719,20220318,202203,20220318
IF1508.CFX,IF1508,CFFEX,IF1508,IF,300,张,1,指数点,0.2指数点,现金交割,20150623,20150821,201508,20150821
IC2605.CFX,IC2605,CFFEX,IC2605,IC,200,张,1,指数点,0.2指数点,现金交割,20260323,20260515,202605,20260515
TSL.CFX,TSL,CFFEX,2年期国债期货当季连续,TS,,,,,,,,,,
TSL1.CFX,TSL1,CFFEX,2年期国债期货下季连续,TS,,,,,,,,,,
TSL2.CFX,TSL2,CFFEX,2年期国债期货隔季连续,TS,,,,,,,,,,
TS.CFX,TS,CFFEX,CFFEX2年期国债期货,TS,,,,,,,,,,
IF.CFX,IF,CFFEX,沪深300期货,IF,,,,,,,,,,
IH.CFX,IH,CFFEX,上证50期货,IH,,,,,,,,,,
T.CFX,T,CFFEX,CFFEX10年期国债期货,T,,,,,,,,,,
IC.CFX,IC,CFFEX,中证500期货,IC,,,,,,,,,,
TF.CFX,TF,CFFEX,CFFEX5年期国债期货,TF,,,,,,,,,,
IM.CFX,IM,CFFEX,中证1000期货,IM,,,,,,,,,,
IML.CFX,IML,CFFEX,中证1000期货当月连续,IM,,,,,,,,,,
IML1.CFX,IML1,CFFEX,中证1000期货次月连续,IM,,,,,,,,,,
IML2.CFX,IML2,CFFEX,中证1000期货当季连续,IM,,,,,,,,,,
IFL.CFX,IFL,CFFEX,沪深300期货当月,IF,,,,,,,,,,
IFL1.CFX,IFL1,CFFEX,沪深300期货次月,IF,,,,,,,,,,
IFL2.CFX,IFL2,CFFEX,沪深300期货当季,IF,,,,,,,,,,
IFL3.CFX,IFL3,CFFEX,沪深300期货下季,IF,,,,,,,,,,
TFL.CFX,TFL,CFFEX,5年期国债期货当季连续,TF,,,,,,,,,,
TFL1.CFX,TFL1,CFFEX,5年期国债期货下季连续,TF,,,,,,,,,,
TFL2.CFX,TFL2,CFFEX,5年期国债期货隔季连续,TF,,,,,,,,,,
TL.CFX,TL,CFFEX,10年期国债期货当季连续,T,,,,,,,,,,
TL1.CFX,TL1,CFFEX,10年期国债期货下季连续,T,,,,,,,,,,
TL2.CFX,TL2,CFFEX,10年期国债期货隔季连续,T,,,,,,,,,,
ICL.CFX,ICL,CFFEX,中证500期货当月连续,IC,,,,,,,,,,
ICL1.CFX,ICL1,CFFEX,中证500期货次月连续,IC,,,,,,,,,,
ICL2.CFX,ICL2,CFFEX,中证500期货当季连续,IC,,,,,,,,,,
ICL3.CFX,ICL3,CFFEX,中证500期货下季连续,IC,,,,,,,,,,
IHL3.CFX,IHL3,CFFEX,上证50期货下季连续,IH,,,,,,,,,,
IHL2.CFX,IHL2,CFFEX,上证50期货当季连续,IH,,,,,,,,,,
IHL1.CFX,IHL1,CFFEX,上证50期货次月连续,IH,,,,,,,,,,
IHL.CFX,IHL,CFFEX,上证50期货当月连续,IH,,,,,,,,,,
IML3.CFX,IML3,CFFEX,中证1000期货下季连续,IM,,,,,,,,,,
TLL.CFX,TLL,CFFEX,30年期国债期货当季连续,TL,,,,,,,,,,
TLL1.CFX,TLL1,CFFEX,30年期国债期货下季连续,TL,,,,,,,,,,
TLL2.CFX,TLL2,CFFEX,30年期国债期货隔季连续,TL,,,,,,,,,,
TL0.CFX,TL0,CFFEX,CFFEX30年期国债期货,TL,,,,,,,,,,
